This is pdfTeX, Version 3.141592653-2.6-1.40.27 (MiKTeX 25.4) (preloaded format=pdflatex 2025.5.7)  18 JUL 2025 01:30
entering extended mode
 restricted \write18 enabled.
 file:line:error style messages enabled.
 %&-line parsing enabled.
**c:/Users/vitor/Desktop/tccfinal/trabalhoEscritoCeclimar/abntex2-modelo-ifrs-osorio-ads-tcc.tex
(c:/Users/vitor/Desktop/tccfinal/trabalhoEscritoCeclimar/abntex2-modelo-ifrs-osorio-ads-tcc.tex
LaTeX2e <2024-11-01> patch level 2
L3 programming layer <2025-04-14>
(C:\Users\vitor\AppData\Local\Programs\MiKTeX\tex/latex/abntex2\abntex2.cls
Document Class: abntex2 2018/11/24 v-1.9.7 abnTeX2
(C:\Users\vitor\AppData\Local\Programs\MiKTeX\tex/latex/base\ifthen.sty
Package: ifthen 2024/03/16 v1.1e Standard LaTeX ifthen package (DPC)
) (C:\Users\vitor\AppData\Local\Programs\MiKTeX\tex/latex/memoir\memoir.cls
Document Class: memoir 2025/03/10 v3.8.3b configurable book, report, article document class
(C:\Users\vitor\AppData\Local\Programs\MiKTeX\tex/latex/xpatch\xpatch.sty (C:\Users\vitor\AppData\Local\Programs\MiKTeX\tex/latex/l3kernel\expl3.sty
Package: expl3 2025-04-14 L3 programming layer (loader) 
 (C:\Users\vitor\AppData\Local\Programs\MiKTeX\tex/latex/l3backend\l3backend-pdftex.def
File: l3backend-pdftex.def 2025-04-14 L3 backend support: PDF output (pdfTeX)
\l__color_backend_stack_int=\count272
))
Package: xpatch 2020/03/25 v0.3a Extending etoolbox patching commands
 (C:\Users\vitor\AppData\Local\Programs\MiKTeX\tex/latex/l3packages/xparse\xparse.sty
Package: xparse 2024-08-16 L3 Experimental document command parser
) (C:\Users\vitor\AppData\Local\Programs\MiKTeX\tex/latex/etoolbox\etoolbox.sty
Package: etoolbox 2025/02/11 v2.5l e-TeX tools for LaTeX (JAW)
\etb@tempcnta=\count273
))
\onelineskip=\skip49
\lxvchars=\skip50
\xlvchars=\skip51
\@memcnta=\count274
\c@@memmarkcntra=\count275
 (C:\Users\vitor\AppData\Local\Programs\MiKTeX\tex/generic/iftex\iftex.sty
Package: iftex 2024/12/12 v1.0g TeX engine tests
)
\trimtop=\skip52
\trimedge=\skip53
 (C:\Users\vitor\AppData\Local\Programs\MiKTeX\tex/latex/memoir\mem12.clo
File: mem12.clo 2022/07/29 v0.5 memoir class 12pt size option
)
\binding=\skip54
\spinemargin=\skip55
\foremargin=\skip56
\uppermargin=\skip57
\lowermargin=\skip58
\headdrop=\skip59
\normalrulethickness=\skip60
\mem@maxheadheight=\skip61
\mem@maxfootheight=\skip62
\headwidth=\skip63
\c@storedpagenumber=\count276
\memPD=\dimen146
\m@mabparskip=\skip64
\thanksmarkwidth=\skip65
\thanksmarksep=\skip66
\droptitle=\skip67
\c@book=\count277
\c@part=\count278
\c@chapter=\count279
\c@section=\count280
\c@subsection=\count281
\c@subsubsection=\count282
\c@paragraph=\count283
\c@subparagraph=\count284
\beforechapskip=\skip68
\midchapskip=\skip69
\afterchapskip=\skip70
\chapindent=\skip71
\bottomsectionskip=\skip72
\secindent=\skip73
\beforesecskip=\skip74
\aftersecskip=\skip75
\subsecindent=\skip76
\beforesubsecskip=\skip77
\aftersubsecskip=\skip78
\subsubsecindent=\skip79
\beforesubsubsecskip=\skip80
\aftersubsubsecskip=\skip81
\paraindent=\skip82
\beforeparaskip=\skip83
\afterparaskip=\skip84
\subparaindent=\skip85
\beforesubparaskip=\skip86
\aftersubparaskip=\skip87
\pfbreakskip=\skip88
\c@@ppsavesec=\count285
\c@@ppsaveapp=\count286
\ragrparindent=\dimen147
\everylistparindent=\dimen148
\parsepi=\skip89
\topsepi=\skip90
\itemsepi=\skip91
\parsepii=\skip92
\topsepii=\skip93
\topsepiii=\skip94
\itemsepii=\skip95
\itemsepiii=\skip96
\partopsepii=\skip97
\partopsepiii=\skip98
\m@msavetopsep=\skip99
\m@msavepartopsep=\skip100
\@enLab=\toks17
\abstitleskip=\skip101
\absleftindent=\skip102
\abs@leftindent=\dimen149
\absrightindent=\skip103
\absparindent=\skip104
\absparsep=\skip105
\c@vslineno=\count287
\c@poemline=\count288
\c@modulo@vs=\count289
\c@memfvsline=\count290
\vleftskip=\skip106
\vrightskip=\skip107
\stanzaskip=\skip108
\versewidth=\skip109
\vgap=\skip110
\vindent=\skip111
\vleftmargin=\dimen150
\c@verse=\count291
\c@chrsinstr=\count292
\beforepoemtitleskip=\skip112
\afterpoemtitleskip=\skip113
\c@poem=\count293
\beforePoemTitleskip=\skip114
\midPoemTitleskip=\skip115
\afterPoemTitleskip=\skip116
 (C:\Users\vitor\AppData\Local\Programs\MiKTeX\tex/latex/tools\array.sty
Package: array 2024/10/17 v2.6g Tabular extension package (FMi)
\col@sep=\dimen151
\ar@mcellbox=\box53
\extrarowheight=\dimen152
\NC@list=\toks18
\extratabsurround=\skip117
\backup@length=\skip118
\ar@cellbox=\box54
) (C:\Users\vitor\AppData\Local\Programs\MiKTeX\tex/latex/tools\dcolumn.sty
Package: dcolumn 2023/07/08 v1.06 decimal alignment package (DPC)
) (C:\Users\vitor\AppData\Local\Programs\MiKTeX\tex/latex/tools\delarray.sty
Package: delarray 2014/10/28 v1.01 array delimiter package (DPC)
) (C:\Users\vitor\AppData\Local\Programs\MiKTeX\tex/latex/tools\tabularx.sty
Package: tabularx 2023/12/11 v2.12a `tabularx' package (DPC)
\TX@col@width=\dimen153
\TX@old@table=\dimen154
\TX@old@col=\dimen155
\TX@target=\dimen156
\TX@delta=\dimen157
\TX@cols=\count294
\TX@ftn=\toks19
) (C:\Users\vitor\AppData\Local\Programs\MiKTeX\tex/latex/booktabs\booktabs.sty
Package: booktabs 2020/01/12 v1.61803398 Publication quality tables
\heavyrulewidth=\dimen158
\lightrulewidth=\dimen159
\cmidrulewidth=\dimen160
\belowrulesep=\dimen161
\belowbottomsep=\dimen162
\aboverulesep=\dimen163
\abovetopsep=\dimen164
\cmidrulesep=\dimen165
\cmidrulekern=\dimen166
\defaultaddspace=\dimen167
\@cmidla=\count295
\@cmidlb=\count296
\@aboverulesep=\dimen168
\@belowrulesep=\dimen169
\@thisruleclass=\count297
\@lastruleclass=\count298
\@thisrulewidth=\dimen170
)
\ctableftskip=\skip119
\ctabrightskip=\skip120
\abovecolumnspenalty=\count299
\@linestogo=\count300
\@cellstogo=\count301
\@cellsincolumn=\count302
\crtok=\toks20
\@mincolumnwidth=\dimen171
\c@newflo@tctr=\count303
\mem@margin@floatbox=\box55
\@contcwidth=\skip121
\@contindw=\skip122
\abovecaptionskip=\skip123
\belowcaptionskip=\skip124
\subfloattopskip=\skip125
\subfloatcapskip=\skip126
\subfloatcaptopadj=\skip127
\subfloatbottomskip=\skip128
\subfloatlabelskip=\skip129
\subfloatcapmargin=\dimen172
\c@@contsubnum=\count304
\m@mscap@capbox=\box56
\m@mscap@fbox=\box57
\sidecapsep=\dimen173
\sidecapwidth=\dimen174
\m@m@tempdima=\dimen175
\m@mscapraise=\dimen176
\sidecapraise=\dimen177
\m@mscapmainwidth=\dimen178
\m@mscaplkern=\dimen179
\beforeepigraphskip=\skip130
\afterepigraphskip=\skip131
\epigraphwidth=\skip132
\epigraphrule=\skip133
LaTeX Info: Redefining \em on input line 7017.
LaTeX Info: Redefining \emph on input line 7025.
 (C:\Users\vitor\AppData\Local\Programs\MiKTeX\tex/latex/hyperref\nameref.sty
Package: nameref 2023-11-26 v2.56 Cross-referencing by name of section
 (C:\Users\vitor\AppData\Local\Programs\MiKTeX\tex/latex/refcount\refcount.sty
Package: refcount 2019/12/15 v3.6 Data extraction from label references (HO)
 (C:\Users\vitor\AppData\Local\Programs\MiKTeX\tex/generic/ltxcmds\ltxcmds.sty
Package: ltxcmds 2023-12-04 v1.26 LaTeX kernel commands for general use (HO)
) (C:\Users\vitor\AppData\Local\Programs\MiKTeX\tex/generic/infwarerr\infwarerr.sty
Package: infwarerr 2019/12/03 v1.5 Providing info/warning/error messages (HO)
)) (C:\Users\vitor\AppData\Local\Programs\MiKTeX\tex/generic/gettitlestring\gettitlestring.sty
Package: gettitlestring 2019/12/15 v1.6 Cleanup title references (HO)
 (C:\Users\vitor\AppData\Local\Programs\MiKTeX\tex/latex/kvoptions\kvoptions.sty
Package: kvoptions 2022-06-15 v3.15 Key value format for package options (HO)
 (C:\Users\vitor\AppData\Local\Programs\MiKTeX\tex/latex/graphics\keyval.sty
Package: keyval 2022/05/29 v1.15 key=value parser (DPC)
\KV@toks@=\toks21
) (C:\Users\vitor\AppData\Local\Programs\MiKTeX\tex/latex/kvsetkeys\kvsetkeys.sty
Package: kvsetkeys 2022-10-05 v1.19 Key value parser (HO)
)))
\c@section@level=\count305
)
\tocentryskip=\skip134
\tocbaseline=\skip135
\cftparskip=\skip136
\cftbeforebookskip=\skip137
\cftbookindent=\dimen180
\cftbooknumwidth=\dimen181
\cftbeforepartskip=\skip138
\cftpartindent=\skip139
\cftpartnumwidth=\skip140
\cftbeforechapterskip=\skip141
\cftchapterindent=\skip142
\cftchapternumwidth=\skip143
\cftbeforesectionskip=\skip144
\cftsectionindent=\skip145
\cftsectionnumwidth=\skip146
\cftbeforesubsectionskip=\skip147
\cftsubsectionindent=\skip148
\cftsubsectionnumwidth=\skip149
\cftbeforesubsubsectionskip=\skip150
\cftsubsubsectionindent=\skip151
\cftsubsubsectionnumwidth=\skip152
\cftbeforeparagraphskip=\skip153
\cftparagraphindent=\skip154
\cftparagraphnumwidth=\skip155
\cftbeforesubparagraphskip=\skip156
\cftsubparagraphindent=\skip157
\cftsubparagraphnumwidth=\skip158
\prechapterprecisshift=\dimen182
\c@maxsecnumdepth=\count306
\bibindent=\dimen183
\bibitemsep=\skip159
\indexcolsep=\skip160
\indexrule=\skip161
\indexmarkstyle=\toks22
\@indexbox=\insert252
LaTeX Info: Redefining \raggedbottom on input line 8108.
LaTeX Info: Redefining \flushbottom on input line 8112.
\glossarycolsep=\dimen184
\glossaryrule=\dimen185
\sideparvshift=\skip162
\sideins=\insert251
\sidebartopsep=\skip163
\sidebarhsep=\skip164
\sidebarvsep=\skip165
\sidebarwidth=\skip166
\footmarkwidth=\skip167
\footmarksep=\skip168
\footparindent=\skip169
\footinsdim=\skip170
\footinsv@r=\insert250
\@mpfootinsv@r=\insert249
\m@m@k=\count307
\m@m@h=\dimen186
\m@mipn@skip=\skip171
\sidefootins=\insert248
\sidefootadjust=\skip172
\sidefootheight=\skip173
\sidefoothsep=\skip174
\sidefootvsep=\skip175
\sidefootwidth=\skip176
\m@mdownsf=\skip177
\c@sidefootnote=\count308
\sidefootmarkwidth=\skip178
\sidefootmarksep=\skip179
\sidefootparindent=\skip180
\c@pagenote=\count309
\c@pagenoteshadow=\count310
\mem@pn@lastkern=\skip181
 (C:\Users\vitor\AppData\Local\Programs\MiKTeX\tex/latex/tools\verbatim.sty
Package: verbatim 2024-01-22 v1.5x LaTeX2e package for verbatim enhancements
\every@verbatim=\toks23
\verbatim@line=\toks24
\verbatim@in@stream=\read2
)
\verbatimindent=\skip182
\verbatim@out=\write3
 (C:\Users\vitor\AppData\Local\Programs\MiKTeX\tex/latex/base\shortvrb.sty
Package: shortvrb 2024/10/23 v3.0q Standard LaTeX documentation package V3 (FMi)
)
\bvboxsep=\skip183
\c@memfbvline=\count311
\c@bvlinectr=\count312
\bvnumlength=\skip184
\fb@frw=\dimen187
\fb@frh=\dimen188
\FrameRule=\dimen189
\FrameSep=\dimen190
\c@cp@cntr=\count313
\c@ism@mctr=\count314
\c@xsm@mctr=\count315
\c@csm@mctr=\count316
\c@ksm@mctr=\count317
\c@xksm@mctr=\count318
\c@cksm@mctr=\count319
\c@msm@mctr=\count320
\c@xmsm@mctr=\count321
\c@cmsm@mctr=\count322
\c@bsm@mctr=\count323
\c@workm@mctr=\count324
\c@sheetsequence=\count325
\c@lastsheet=\count326
\c@lastpage=\count327
 (C:\Users\vitor\AppData\Local\Programs\MiKTeX\tex/latex/textcase\textcase.sty
Package: textcase 2025/02/16 v1.05 Text only upper/lower case changing (DPC)
Package textcase Info: Defining Legacy names on input line 20.
)
\c@figure=\count328
\c@lofdepth=\count329
\cftbeforefigureskip=\skip185
\cftfigureindent=\skip186
\cftfigurenumwidth=\skip187
\c@table=\count330
\c@lotdepth=\count331
\cftbeforetableskip=\skip188
\cfttableindent=\skip189
\cfttablenumwidth=\skip190
Package abstract [2008/07/23] emulated by memoir.
Package appendix [2008/07/23] emulated by memoir.
Package ccaption [2008/07/23] emulated by memoir.
Package changepage [2008/07/23] emulated by memoir.
Package chngcntr [2008/07/23] emulated by memoir.
Package chngpage [2008/07/23] emulated by memoir.
Package crop emulated by memoir.
Package enumerate [2008/07/23] emulated by memoir.
Package epigraph [2008/07/23] emulated by memoir.
Package ifmtarg [2008/07/23] emulated by memoir.
Package index [2008/07/23] emulated by memoir.
Package makeidx [2008/07/23] emulated by memoir.
Package moreverb [2008/07/23] emulated by memoir.
Package needspace [2008/07/23] emulated by memoir.
Package newfile [2008/07/23] emulated by memoir.
Package nextpage [2008/07/23] emulated by memoir.
Package pagenote [2008/07/23] emulated by memoir.
Package parskip [2008/07/23] emulated by memoir.
Package patchcmd [2008/07/23] emulated by memoir.
Package setspace [2008/07/23] emulated by memoir.
Package showidx [2008/07/23] emulated by memoir.
Package titleref [2008/07/23] emulated by memoir.
Package titling [2008/07/23] emulated by memoir.
Package tocbibind [2008/07/23] emulated by memoir.
Package tocloft [2008/07/23] emulated by memoir.
Package tocvsec2 [2008/07/23] emulated by memoir.
Package verse [2008/07/23] emulated by memoir.
) (C:\Users\vitor\AppData\Local\Programs\MiKTeX\tex/latex/hyperref\hyperref.sty
Package: hyperref 2024-11-05 v7.01l Hypertext links for LaTeX
 (C:\Users\vitor\AppData\Local\Programs\MiKTeX\tex/generic/kvdefinekeys\kvdefinekeys.sty
Package: kvdefinekeys 2019-12-19 v1.6 Define keys (HO)
) (C:\Users\vitor\AppData\Local\Programs\MiKTeX\tex/generic/pdfescape\pdfescape.sty
Package: pdfescape 2019/12/09 v1.15 Implements pdfTeX's escape features (HO)
 (C:\Users\vitor\AppData\Local\Programs\MiKTeX\tex/generic/pdftexcmds\pdftexcmds.sty
Package: pdftexcmds 2020-06-27 v0.33 Utility functions of pdfTeX for LuaTeX (HO)
Package pdftexcmds Info: \pdf@primitive is available.
Package pdftexcmds Info: \pdf@ifprimitive is available.
Package pdftexcmds Info: \pdfdraftmode found.
)) (C:\Users\vitor\AppData\Local\Programs\MiKTeX\tex/latex/hycolor\hycolor.sty
Package: hycolor 2020-01-27 v1.10 Color options for hyperref/bookmark (HO)
) (C:\Users\vitor\AppData\Local\Programs\MiKTeX\tex/generic/stringenc\stringenc.sty
Package: stringenc 2019/11/29 v1.12 Convert strings between diff. encodings (HO)
)
\@linkdim=\dimen191
\Hy@linkcounter=\count332
\Hy@pagecounter=\count333
 (C:\Users\vitor\AppData\Local\Programs\MiKTeX\tex/latex/hyperref\pd1enc.def
File: pd1enc.def 2024-11-05 v7.01l Hyperref: PDFDocEncoding definition (HO)
Now handling font encoding PD1 ...
... no UTF-8 mapping file for font encoding PD1
) (C:\Users\vitor\AppData\Local\Programs\MiKTeX\tex/generic/intcalc\intcalc.sty
Package: intcalc 2019/12/15 v1.3 Expandable calculations with integers (HO)
)
\Hy@SavedSpaceFactor=\count334
 (C:\Users\vitor\AppData\Local\Programs\MiKTeX\tex/latex/hyperref\puenc.def
File: puenc.def 2024-11-05 v7.01l Hyperref: PDF Unicode definition (HO)
Now handling font encoding PU ...
... no UTF-8 mapping file for font encoding PU
)
Package hyperref Info: Hyper figures OFF on input line 4157.
Package hyperref Info: Link nesting OFF on input line 4162.
Package hyperref Info: Hyper index ON on input line 4165.
Package hyperref Info: Plain pages OFF on input line 4172.
Package hyperref Info: Backreferencing OFF on input line 4177.
Package hyperref Info: Implicit mode ON; LaTeX internals redefined.
Package hyperref Info: Bookmarks ON on input line 4424.
\c@Hy@tempcnt=\count335
 (C:\Users\vitor\AppData\Local\Programs\MiKTeX\tex/latex/url\url.sty
\Urlmuskip=\muskip17
Package: url 2013/09/16  ver 3.4  Verb mode for urls, etc.
)
LaTeX Info: Redefining \url on input line 4763.
\XeTeXLinkMargin=\dimen192
 (C:\Users\vitor\AppData\Local\Programs\MiKTeX\tex/generic/bitset\bitset.sty
Package: bitset 2019/12/09 v1.3 Handle bit-vector datatype (HO)
 (C:\Users\vitor\AppData\Local\Programs\MiKTeX\tex/generic/bigintcalc\bigintcalc.sty
Package: bigintcalc 2019/12/15 v1.5 Expandable calculations on big integers (HO)
))
\Fld@menulength=\count336
\Field@Width=\dimen193
\Fld@charsize=\dimen194
Package hyperref Info: Hyper figures OFF on input line 6042.
Package hyperref Info: Link nesting OFF on input line 6047.
Package hyperref Info: Hyper index ON on input line 6050.
Package hyperref Info: backreferencing OFF on input line 6057.
Package hyperref Info: Link coloring OFF on input line 6062.
Package hyperref Info: Link coloring with OCG OFF on input line 6067.
Package hyperref Info: PDF/A mode OFF on input line 6072.
 (C:\Users\vitor\AppData\Local\Programs\MiKTeX\tex/latex/base\atbegshi-ltx.sty
Package: atbegshi-ltx 2021/01/10 v1.0c Emulation of the original atbegshi
package with kernel methods
)
\Hy@abspage=\count337
\c@Item=\count338
\c@Hfootnote=\count339
)
Package hyperref Info: Driver (autodetected): hpdftex.
 (C:\Users\vitor\AppData\Local\Programs\MiKTeX\tex/latex/hyperref\hpdftex.def
File: hpdftex.def 2024-11-05 v7.01l Hyperref driver for pdfTeX
 (C:\Users\vitor\AppData\Local\Programs\MiKTeX\tex/latex/base\atveryend-ltx.sty
Package: atveryend-ltx 2020/08/19 v1.0a Emulation of the original atveryend package
with kernel methods
)
\Fld@listcount=\count340
\c@bookmark@seq@number=\count341
 (C:\Users\vitor\AppData\Local\Programs\MiKTeX\tex/latex/rerunfilecheck\rerunfilecheck.sty
Package: rerunfilecheck 2022-07-10 v1.10 Rerun checks for auxiliary files (HO)
 (C:\Users\vitor\AppData\Local\Programs\MiKTeX\tex/generic/uniquecounter\uniquecounter.sty
Package: uniquecounter 2019/12/15 v1.4 Provide unlimited unique counter (HO)
)
Package uniquecounter Info: New unique counter `rerunfilecheck' on input line 285.
)
\Hy@SectionHShift=\skip191
) (C:\Users\vitor\AppData\Local\Programs\MiKTeX\tex/latex/memoir\memhfixc.sty
Package: memhfixc 2025/03/06 v1.23 hyperref package fixes for memoir class
\c@memhycontfloat=\count342
\c@mem@Hpagenote=\count343
) (C:\Users\vitor\AppData\Local\Programs\MiKTeX\tex/latex/bookmark\bookmark.sty
Package: bookmark 2023-12-10 v1.31 PDF bookmarks (HO)
 (C:\Users\vitor\AppData\Local\Programs\MiKTeX\tex/latex/bookmark\bkm-pdftex.def
File: bkm-pdftex.def 2023-12-10 v1.31 bookmark driver for pdfTeX and luaTeX (HO)
\BKM@id=\count344
)) (C:\Users\vitor\AppData\Local\Programs\MiKTeX\tex/generic/babel\babel.sty
Package: babel 2025/04/29 v25.8 The multilingual framework for pdfLaTeX, LuaLaTeX and XeLaTeX
\babel@savecnt=\count345
\U@D=\dimen195
\l@unhyphenated=\language79
 (C:\Users\vitor\AppData\Local\Programs\MiKTeX\tex/generic/babel\txtbabel.def)
\bbl@readstream=\read3
\bbl@dirlevel=\count346

*************************************
* Local config file bblopts.cfg used
*
(C:\Users\vitor\AppData\Local\Programs\MiKTeX\tex/latex/arabi\bblopts.cfg
File: bblopts.cfg 2005/09/08 v0.1 add Arabic and Farsi to "declared" options of babel
) (C:\Users\vitor\AppData\Local\Programs\MiKTeX\tex/latex/babel-english\english.ldf
Language: english 2017/06/06 v3.3r English support from the babel system
 (C:\Users\vitor\AppData\Local\Programs\MiKTeX\tex/generic/babel/locale/en\babel-english.tex
Package babel Info: Importing font and identification data for english
(babel)             from babel-en.ini. Reported on input line 11.
)
Package babel Info: Hyphen rules for 'canadian' set to \l@english
(babel)             (\language0). Reported on input line 102.
Package babel Info: Hyphen rules for 'australian' set to \l@ukenglish
(babel)             (\language73). Reported on input line 105.
Package babel Info: Hyphen rules for 'newzealand' set to \l@ukenglish
(babel)             (\language73). Reported on input line 108.
) (C:\Users\vitor\AppData\Local\Programs\MiKTeX\tex/generic/babel-french\french.ldf
Language: french 2024-07-25 v3.6c French support from the babel system
 (C:\Users\vitor\AppData\Local\Programs\MiKTeX\tex/generic/babel/locale/fr\babel-french.tex
Package babel Info: Importing font and identification data for french
(babel)             from babel-fr.ini. Reported on input line 11.
)
Package babel Info: Hyphen rules for 'acadian' set to \l@french
(babel)             (\language22). Reported on input line 91.
Package babel Info: Hyphen rules for 'canadien' set to \l@french
(babel)             (\language22). Reported on input line 92.
\FB@stdchar=\count347
Package babel Info: Making : an active character on input line 421.
Package babel Info: Making ; an active character on input line 422.
Package babel Info: Making ! an active character on input line 423.
Package babel Info: Making ? an active character on input line 424.
\FBguill@level=\count348
\FBold@everypar=\toks25
\FB@Mht=\dimen196
\mc@charclass=\count349
\mc@charfam=\count350
\mc@charslot=\count351
\std@mcc=\count352
\dec@mcc=\count353
\FB@parskip=\dimen197
\listindentFB=\dimen198
\descindentFB=\dimen199
\labelindentFB=\dimen256
\labelwidthFB=\dimen257
\leftmarginFB=\dimen258
\parindentFFN=\dimen259
\FBfnindent=\dimen260
) (C:\Users\vitor\AppData\Local\Programs\MiKTeX\tex/latex/babel-spanish\spanish.ldf
Language: spanish.ldf 2021/05/27 v5.0q Spanish support from the babel system
 (C:\Users\vitor\AppData\Local\Programs\MiKTeX\tex/generic/babel/locale/es\babel-spanish.tex
Package babel Info: Importing font and identification data for spanish
(babel)             from babel-es.ini. Reported on input line 11.
)
\es@quottoks=\toks26
\es@quotdepth=\count354
Package babel Info: Making " an active character on input line 570.
Package babel Info: Making . an active character on input line 675.
Package babel Info: Making < an active character on input line 722.
Package babel Info: Making > an active character on input line 722.
) (C:\Users\vitor\AppData\Local\Programs\MiKTeX\tex/latex/babel-portuges\brazil.ldf
Language: portuges 2021/07/09 v1.2t Portuguese support from the babel system
Package babel Info: Hyphen rules for 'brazil' set to \l@portuguese
(babel)             (\language56). Reported on input line 111.
)) (C:\Users\vitor\AppData\Local\Programs\MiKTeX\tex/latex/carlisle\scalefnt.sty) (C:\Users\vitor\AppData\Local\Programs\MiKTeX\tex/latex/enumitem\enumitem.sty
Package: enumitem 2025/02/06 v3.11 Customized lists
\labelindent=\skip192
\enit@outerparindent=\dimen261
\enit@toks=\toks27
\enit@inbox=\box58
\enit@count@id=\count355
\enitdp@description=\count356
) (C:\Users\vitor\AppData\Local\Programs\MiKTeX\tex/latex/tools\calc.sty
Package: calc 2023/07/08 v4.3 Infix arithmetic (KKT,FJ)
\calc@Acount=\count357
\calc@Bcount=\count358
\calc@Adimen=\dimen262
\calc@Bdimen=\dimen263
\calc@Askip=\skip193
\calc@Bskip=\skip194
LaTeX Info: Redefining \setlength on input line 80.
LaTeX Info: Redefining \addtolength on input line 81.
\calc@Ccount=\count359
\calc@Cskip=\skip195
)

******************************************************
Stock height and width: 845.04684pt by 597.50787pt
Top and edge trims: 0pt and 0pt
Page height and width: 845.04684pt by 597.50787pt
Text height and width: 708pt by 455pt
Spine and edge margins: 85.35826pt and 56.9055pt
Upper and lower margins: 85.35826pt and 51.68858pt
Headheight and headsep: 14.5pt and 19.8738pt
Footskip: 30pt
Columnsep and columnseprule: 10pt and 0pt
Marginparsep and marginparwidth: 7pt and 42.9055pt
Sidecapsep and sidecapwidth: 7pt and 42pt
Sidebarhsep and sidebarwidth: 7pt and 42pt
Sidebarvsep and sidebartopsep: 14.5pt and 0pt
Sidebarheight: 590.14995pt
Sidefoothsep and sidefootwidth: 7pt and 42pt
Sidefootvsep and sidefootheight: 14.5pt and 590.14995pt
******************************************************

\c@abntex@bookmarkcounter=\count360
\cftlastnumwidth=\skip196
\chapternamenumlength=\skip197
\ABNTEXcitacaorecuo=\skip198
\c@alineasi=\count361
\c@alineasii=\count362
\enitdp@alineas=\count363
\c@subalineasi=\count364
\enitdp@subalineas=\count365
\c@incisosi=\count366
\enitdp@incisos=\count367
\ABNTEXsignwidth=\skip199
\ABNTEXsignthickness=\skip256
\ABNTEXsignskip=\skip257
) (customizacoes-ifrs-osorio.sty
Package: customizacoes-ifrs-osorio 
) (C:\Users\vitor\AppData\Local\Programs\MiKTeX\tex/latex/pdfpages\pdfpages.sty
Package: pdfpages 2025/03/12 v0.6f Insert pages of external PDF documents (AM)
 (C:\Users\vitor\AppData\Local\Programs\MiKTeX\tex/latex/eso-pic\eso-pic.sty
Package: eso-pic 2023/05/03 v3.0c eso-pic (RN)
\ESO@tempdima=\dimen264
\ESO@tempdimb=\dimen265
 (C:\Users\vitor\AppData\Local\Programs\MiKTeX\tex/latex/xcolor\xcolor.sty
Package: xcolor 2024/09/29 v3.02 LaTeX color extensions (UK)
 (C:\Users\vitor\AppData\Local\Programs\MiKTeX\tex/latex/graphics-cfg\color.cfg
File: color.cfg 2016/01/02 v1.6 sample color configuration
)
Package xcolor Info: Driver file: pdftex.def on input line 274.
 (C:\Users\vitor\AppData\Local\Programs\MiKTeX\tex/latex/graphics-def\pdftex.def
File: pdftex.def 2024/04/13 v1.2c Graphics/color driver for pdftex
) (C:\Users\vitor\AppData\Local\Programs\MiKTeX\tex/latex/graphics\mathcolor.ltx)
Package xcolor Info: Model `cmy' substituted by `cmy0' on input line 1349.
Package xcolor Info: Model `hsb' substituted by `rgb' on input line 1353.
Package xcolor Info: Model `RGB' extended on input line 1365.
Package xcolor Info: Model `HTML' substituted by `rgb' on input line 1367.
Package xcolor Info: Model `Hsb' substituted by `hsb' on input line 1368.
Package xcolor Info: Model `tHsb' substituted by `hsb' on input line 1369.
Package xcolor Info: Model `HSB' substituted by `hsb' on input line 1370.
Package xcolor Info: Model `Gray' substituted by `gray' on input line 1371.
Package xcolor Info: Model `wave' substituted by `hsb' on input line 1372.
)) (C:\Users\vitor\AppData\Local\Programs\MiKTeX\tex/latex/graphics\graphicx.sty
Package: graphicx 2021/09/16 v1.2d Enhanced LaTeX Graphics (DPC,SPQR)
 (C:\Users\vitor\AppData\Local\Programs\MiKTeX\tex/latex/graphics\graphics.sty
Package: graphics 2024/08/06 v1.4g Standard LaTeX Graphics (DPC,SPQR)
 (C:\Users\vitor\AppData\Local\Programs\MiKTeX\tex/latex/graphics\trig.sty
Package: trig 2023/12/02 v1.11 sin cos tan (DPC)
) (C:\Users\vitor\AppData\Local\Programs\MiKTeX\tex/latex/graphics-cfg\graphics.cfg
File: graphics.cfg 2016/06/04 v1.11 sample graphics configuration
)
Package graphics Info: Driver file: pdftex.def on input line 106.
)
\Gin@req@height=\dimen266
\Gin@req@width=\dimen267
)
\AM@pagewidth=\dimen268
\AM@pageheight=\dimen269
\AM@fboxrule=\dimen270
 (C:\Users\vitor\AppData\Local\Programs\MiKTeX\tex/latex/pdfpages\pppdftex.def
File: pppdftex.def 2025/03/12 v0.6f Pdfpages driver for pdfTeX (AM)
)
\pdfpages@includegraphics@status=\count368
\AM@pagebox=\box59
\AM@global@opts=\toks28
\AM@pagecnt=\count369
\AM@toc@title=\toks29
\AM@lof@heading=\toks30
\c@AM@survey=\count370
\AM@templatesizebox=\box60
) (C:\Users\vitor\AppData\Local\Programs\MiKTeX\tex/latex/graphics\lscape.sty
Package: lscape 2020/05/28 v3.02 Landscape Pages (DPC)
) (C:\Users\vitor\AppData\Local\Programs\MiKTeX\tex/latex/tex-gyre\tgtermes.sty
Package: tgtermes 2009/09/27 v1.2 TeX Gyre Termes as default roman family
) (C:\Users\vitor\AppData\Local\Programs\MiKTeX\tex/latex/base\fontenc.sty
Package: fontenc 2021/04/29 v2.0v Standard LaTeX package
LaTeX Font Info:    Trying to load font information for T1+qtm on input line 116.
 (C:\Users\vitor\AppData\Local\Programs\MiKTeX\tex/latex/tex-gyre\t1qtm.fd
File: t1qtm.fd 2009/09/25 v1.2 font definition file for T1/qtm
)) (C:\Users\vitor\AppData\Local\Programs\MiKTeX\tex/latex/base\inputenc.sty
Package: inputenc 2024/02/08 v1.3d Input encoding file
\inpenc@prehook=\toks31
\inpenc@posthook=\toks32
) (C:\Users\vitor\AppData\Local\Programs\MiKTeX\tex/latex/lastpage\lastpage.sty
Package: lastpage 2025/01/27 v2.1e lastpage: 2.09 or 2e? (HMM)
 (C:\Users\vitor\AppData\Local\Programs\MiKTeX\tex/latex/lastpage\lastpage2e.sty
Package: lastpage2e 2025/01/27 v2.1e Decide which 2e lastpage version to use (HMM)
 (C:\Users\vitor\AppData\Local\Programs\MiKTeX\tex/latex/lastpage\lastpagemodern.sty
Package: lastpagemodern 2025-01-27 v2.1e Refers to last page's name (HMM; JPG)
\c@lastpagecount=\count371
) 
)) (C:\Users\vitor\AppData\Local\Programs\MiKTeX\tex/latex/tools\indentfirst.sty
Package: indentfirst 2023/07/02 v1.03 Indent first paragraph (DPC)
) (C:\Users\vitor\AppData\Local\Programs\MiKTeX\tex/latex/microtype\microtype.sty
Package: microtype 2025/02/11 v3.2a Micro-typographical refinements (RS)
\MT@toks=\toks33
\MT@tempbox=\box61
\MT@count=\count372
LaTeX Info: Redefining \noprotrusionifhmode on input line 1087.
LaTeX Info: Redefining \leftprotrusion on input line 1088.
\MT@prot@toks=\toks34
LaTeX Info: Redefining \rightprotrusion on input line 1107.
LaTeX Info: Redefining \textls on input line 1449.
\MT@outer@kern=\dimen271
LaTeX Info: Redefining \microtypecontext on input line 2053.
LaTeX Info: Redefining \textmicrotypecontext on input line 2070.
\MT@listname@count=\count373
 (C:\Users\vitor\AppData\Local\Programs\MiKTeX\tex/latex/microtype\microtype-pdftex.def
File: microtype-pdftex.def 2025/02/11 v3.2a Definitions specific to pdftex (RS)
LaTeX Info: Redefining \lsstyle on input line 944.
LaTeX Info: Redefining \lslig on input line 944.
\MT@outer@space=\skip258
)
Package microtype Info: Loading configuration file microtype.cfg.
 (C:\Users\vitor\AppData\Local\Programs\MiKTeX\tex/latex/microtype\microtype.cfg
File: microtype.cfg 2025/02/11 v3.2a microtype main configuration file (RS)
)
LaTeX Info: Redefining \microtypesetup on input line 3065.
) (C:\Users\vitor\AppData\Local\Programs\MiKTeX\tex/latex/base\fontenc.sty
Package: fontenc 2021/04/29 v2.0v Standard LaTeX package
) (C:\Users\vitor\AppData\Local\Programs\MiKTeX\tex/latex/tools\longtable.sty
Package: longtable 2024-10-27 v4.22 Multi-page Table package (DPC)
\LTleft=\skip259
\LTright=\skip260
\LTpre=\skip261
\LTpost=\skip262
\LTchunksize=\count374
\LTcapwidth=\dimen272
\LT@head=\box62
\LT@firsthead=\box63
\LT@foot=\box64
\LT@lastfoot=\box65
\LT@gbox=\box66
\LT@cols=\count375
\LT@rows=\count376
\c@LT@tables=\count377
\c@LT@chunks=\count378
\LT@p@ftn=\toks35
) (C:\Users\vitor\AppData\Local\Programs\MiKTeX\tex/latex/geometry\geometry.sty
Package: geometry 2020/01/02 v5.9 Page Geometry
 (C:\Users\vitor\AppData\Local\Programs\MiKTeX\tex/generic/iftex\ifvtex.sty
Package: ifvtex 2019/10/25 v1.7 ifvtex legacy package. Use iftex instead.
)
\Gm@cnth=\count379
\Gm@cntv=\count380
\c@Gm@tempcnt=\count381
\Gm@bindingoffset=\dimen273
\Gm@wd@mp=\dimen274
\Gm@odd@mp=\dimen275
\Gm@even@mp=\dimen276
\Gm@layoutwidth=\dimen277
\Gm@layoutheight=\dimen278
\Gm@layouthoffset=\dimen279
\Gm@layoutvoffset=\dimen280
\Gm@dimlist=\toks36
 (C:\Users\vitor\AppData\Local\Programs\MiKTeX\tex/latex/geometry\geometry.cfg)) (C:\Users\vitor\AppData\Local\Programs\MiKTeX\tex/latex/lipsum\lipsum.sty (C:\Users\vitor\AppData\Local\Programs\MiKTeX\tex/latex/l3packages/l3keys2e\l3keys2e.sty
Package: l3keys2e 2024-08-16 LaTeX2e option processing using LaTeX3 keys
)
Package: lipsum 2021-09-20 v2.7 150 paragraphs of Lorem Ipsum dummy text
\g__lipsum_par_int=\count382
\l__lipsum_a_int=\count383
\l__lipsum_b_int=\count384
 (C:\Users\vitor\AppData\Local\Programs\MiKTeX\tex/latex/lipsum\lipsum.ltd.tex)) (C:\Users\vitor\AppData\Local\Programs\MiKTeX\tex/latex/listings\listings.sty
\lst@mode=\count385
\lst@gtempboxa=\box67
\lst@token=\toks37
\lst@length=\count386
\lst@currlwidth=\dimen281
\lst@column=\count387
\lst@pos=\count388
\lst@lostspace=\dimen282
\lst@width=\dimen283
\lst@newlines=\count389
\lst@lineno=\count390
\lst@maxwidth=\dimen284
 (C:\Users\vitor\AppData\Local\Programs\MiKTeX\tex/latex/listings\lstpatch.sty
File: lstpatch.sty 2024/09/23 1.10c (Carsten Heinz)
) (C:\Users\vitor\AppData\Local\Programs\MiKTeX\tex/latex/listings\lstmisc.sty
File: lstmisc.sty 2024/09/23 1.10c (Carsten Heinz)
\c@lstnumber=\count391
\lst@skipnumbers=\count392
\lst@framebox=\box68
) (C:\Users\vitor\AppData\Local\Programs\MiKTeX\tex/latex/listings\listings.cfg
File: listings.cfg 2024/09/23 1.10c listings configuration
))
Package: listings 2024/09/23 1.10c (Carsten Heinz)
 (C:\Users\vitor\AppData\Local\Programs\MiKTeX\tex/latex/float\float.sty
Package: float 2001/11/08 v1.3d Float enhancements (AL)
\c@float@type=\count393
\float@exts=\toks38
\float@box=\box69
\@float@everytoks=\toks39
\@floatcapt=\box70
) (C:\Users\vitor\AppData\Local\Programs\MiKTeX\tex/latex/base\textcomp.sty
Package: textcomp 2024/04/24 v2.1b Standard LaTeX package
) (C:\Users\vitor\AppData\Local\Programs\MiKTeX\tex/latex/caption\caption.sty
Package: caption 2023/08/05 v3.6o Customizing captions (AR)
 (C:\Users\vitor\AppData\Local\Programs\MiKTeX\tex/latex/caption\caption3.sty
Package: caption3 2023/07/31 v2.4d caption3 kernel (AR)
\caption@tempdima=\dimen285
\captionmargin=\dimen286
\caption@leftmargin=\dimen287
\caption@rightmargin=\dimen288
\caption@width=\dimen289
\caption@indent=\dimen290
\caption@parindent=\dimen291
\caption@hangindent=\dimen292
Package caption Info: memoir document class detected.
Package caption Info: french babel package is loaded.
 (C:\Users\vitor\AppData\Local\Programs\MiKTeX\tex/latex/caption\caption-memoir.sto
File: caption-memoir.sto 2023/09/08 v2.2c Adaption of the caption package to the memoir document class (AR)
))
\c@caption@flags=\count394
\c@continuedfloat=\count395
Package caption Info: changepage package is loaded.
\caption@adjustwidth@hsize=\dimen293
\caption@adjustwidth@linewidth=\dimen294
Package caption Info: float package is loaded.
Package caption Info: hyperref package is loaded.
Package caption Info: listings package is loaded.
Package caption Info: longtable package is loaded.
 (C:\Users\vitor\AppData\Local\Programs\MiKTeX\tex/latex/caption\ltcaption.sty
Package: ltcaption 2021/01/08 v1.4c longtable captions (AR)
)) (C:\Users\vitor\AppData\Local\Programs\MiKTeX\tex/latex/hyperref\backref.sty
Package: backref 2023-11-26 v1.44 Bibliographical back referencing
) (C:\Users\vitor\AppData\Local\Programs\MiKTeX\tex/latex/abntex2\abntex2cite.sty
Package: abntex2cite 2018/11/24 v-1.9.7 abnTeX2
 (C:\Users\vitor\AppData\Local\Programs\MiKTeX\tex/latex/abntex2\abntex2abrev.sty)
\minimumbiblabelwidth=\skip263
\ABCIauxlen=\skip264
\c@ABCIaux=\count396
\c@ABCImax=\count397
 (C:\Users\vitor\AppData\Local\Programs\MiKTeX\tex/generic/iftex\ifpdf.sty
Package: ifpdf 2019/10/25 v3.4 ifpdf legacy package. Use iftex instead.
) (C:\Users\vitor\AppData\Local\Programs\MiKTeX\tex/generic/iftex\ifxetex.sty
Package: ifxetex 2019/10/25 v0.7 ifxetex legacy package. Use iftex instead.
) (C:\Users\vitor\AppData\Local\Programs\MiKTeX\tex/latex/relsize\relsize.sty
Package: relsize 2013/03/29 ver 4.1
)
\biblabelsep=\skip265
LaTeX Info: Redefining \newblock on input line 591.
LaTeX Info: Redefining \cite on input line 618.
\ABCItoken=\toks40
) (C:\Users\vitor\AppData\Local\Programs\MiKTeX\tex/latex/colortbl\colortbl.sty
Package: colortbl 2024/07/06 v1.0i Color table columns (DPC)
\everycr=\toks41
\minrowclearance=\skip266
\rownum=\count398
) (C:\Users\vitor\AppData\Local\Programs\MiKTeX\tex/latex/multirow\multirow.sty
Package: multirow 2024/11/12 v2.9 Span multiple rows of a table
\multirow@colwidth=\skip267
\multirow@cntb=\count399
\multirow@dima=\skip268
\bigstrutjot=\dimen295
) (C:\Users\vitor\AppData\Local\Programs\MiKTeX\tex/latex/diagbox\diagbox.sty
Package: diagbox 2020/02/09 v2.3 Making table heads with diagonal lines
 (C:\Users\vitor\AppData\Local\Programs\MiKTeX\tex/latex/pict2e\pict2e.sty
Package: pict2e 2020/09/30 v0.4b Improved picture commands (HjG,RN,JT)
 (C:\Users\vitor\AppData\Local\Programs\MiKTeX\tex/latex/pict2e\pict2e.cfg
File: pict2e.cfg 2016/02/05 v0.1u pict2e configuration for teTeX/TeXLive
)
Package pict2e Info: Driver file: pdftex.def on input line 112.
Package pict2e Info: Driver file for pict2e: p2e-pdftex.def on input line 114.
 (C:\Users\vitor\AppData\Local\Programs\MiKTeX\tex/latex/pict2e\p2e-pdftex.def
File: p2e-pdftex.def 2016/02/05 v0.1u Driver-dependant file (RN,HjG,JT)
)
\pIIe@GRAPH=\toks42
\@arclen=\dimen296
\@arcrad=\dimen297
\pIIe@tempdima=\dimen298
\pIIe@tempdimb=\dimen299
\pIIe@tempdimc=\dimen300
\pIIe@tempdimd=\dimen301
\pIIe@tempdime=\dimen302
\pIIe@tempdimf=\dimen303
)
\diagbox@boxa=\box71
\diagbox@boxb=\box72
\diagbox@boxm=\box73
\diagbox@wd=\dimen304
\diagbox@ht=\dimen305
\diagbox@insepl=\dimen306
\diagbox@insepr=\dimen307
\diagbox@outsepl=\dimen308
\diagbox@outsepr=\dimen309
) (C:\Users\vitor\AppData\Local\Programs\MiKTeX\tex/latex/pgf/frontendlayer\tikz.sty (C:\Users\vitor\AppData\Local\Programs\MiKTeX\tex/latex/pgf/basiclayer\pgf.sty (C:\Users\vitor\AppData\Local\Programs\MiKTeX\tex/latex/pgf/utilities\pgfrcs.sty (C:\Users\vitor\AppData\Local\Programs\MiKTeX\tex/generic/pgf/utilities\pgfutil-common.tex
\pgfutil@everybye=\toks43
\pgfutil@tempdima=\dimen310
\pgfutil@tempdimb=\dimen311
) (C:\Users\vitor\AppData\Local\Programs\MiKTeX\tex/generic/pgf/utilities\pgfutil-latex.def
\pgfutil@abb=\box74
) (C:\Users\vitor\AppData\Local\Programs\MiKTeX\tex/generic/pgf/utilities\pgfrcs.code.tex (C:\Users\vitor\AppData\Local\Programs\MiKTeX\tex/generic/pgf\pgf.revision.tex)
Package: pgfrcs 2023-01-15 v3.1.10 (3.1.10)
))
Package: pgf 2023-01-15 v3.1.10 (3.1.10)
 (C:\Users\vitor\AppData\Local\Programs\MiKTeX\tex/latex/pgf/basiclayer\pgfcore.sty (C:\Users\vitor\AppData\Local\Programs\MiKTeX\tex/latex/pgf/systemlayer\pgfsys.sty (C:\Users\vitor\AppData\Local\Programs\MiKTeX\tex/generic/pgf/systemlayer\pgfsys.code.tex
Package: pgfsys 2023-01-15 v3.1.10 (3.1.10)
 (C:\Users\vitor\AppData\Local\Programs\MiKTeX\tex/generic/pgf/utilities\pgfkeys.code.tex
\pgfkeys@pathtoks=\toks44
\pgfkeys@temptoks=\toks45
 (C:\Users\vitor\AppData\Local\Programs\MiKTeX\tex/generic/pgf/utilities\pgfkeyslibraryfiltered.code.tex
\pgfkeys@tmptoks=\toks46
))
\pgf@x=\dimen312
\pgf@y=\dimen313
\pgf@xa=\dimen314
\pgf@ya=\dimen315
\pgf@xb=\dimen316
\pgf@yb=\dimen317
\pgf@xc=\dimen318
\pgf@yc=\dimen319
\pgf@xd=\dimen320
\pgf@yd=\dimen321
\w@pgf@writea=\write4
\r@pgf@reada=\read4
\c@pgf@counta=\count400
\c@pgf@countb=\count401
\c@pgf@countc=\count402
\c@pgf@countd=\count403
\t@pgf@toka=\toks47
\t@pgf@tokb=\toks48
\t@pgf@tokc=\toks49
\pgf@sys@id@count=\count404
 (C:\Users\vitor\AppData\Local\Programs\MiKTeX\tex/generic/pgf/systemlayer\pgf.cfg
File: pgf.cfg 2023-01-15 v3.1.10 (3.1.10)
)
Driver file for pgf: pgfsys-pdftex.def
 (C:\Users\vitor\AppData\Local\Programs\MiKTeX\tex/generic/pgf/systemlayer\pgfsys-pdftex.def
File: pgfsys-pdftex.def 2023-01-15 v3.1.10 (3.1.10)
 (C:\Users\vitor\AppData\Local\Programs\MiKTeX\tex/generic/pgf/systemlayer\pgfsys-common-pdf.def
File: pgfsys-common-pdf.def 2023-01-15 v3.1.10 (3.1.10)
))) (C:\Users\vitor\AppData\Local\Programs\MiKTeX\tex/generic/pgf/systemlayer\pgfsyssoftpath.code.tex
File: pgfsyssoftpath.code.tex 2023-01-15 v3.1.10 (3.1.10)
\pgfsyssoftpath@smallbuffer@items=\count405
\pgfsyssoftpath@bigbuffer@items=\count406
) (C:\Users\vitor\AppData\Local\Programs\MiKTeX\tex/generic/pgf/systemlayer\pgfsysprotocol.code.tex
File: pgfsysprotocol.code.tex 2023-01-15 v3.1.10 (3.1.10)
)) (C:\Users\vitor\AppData\Local\Programs\MiKTeX\tex/generic/pgf/basiclayer\pgfcore.code.tex
Package: pgfcore 2023-01-15 v3.1.10 (3.1.10)
 (C:\Users\vitor\AppData\Local\Programs\MiKTeX\tex/generic/pgf/math\pgfmath.code.tex (C:\Users\vitor\AppData\Local\Programs\MiKTeX\tex/generic/pgf/math\pgfmathutil.code.tex) (C:\Users\vitor\AppData\Local\Programs\MiKTeX\tex/generic/pgf/math\pgfmathparser.code.tex
\pgfmath@dimen=\dimen322
\pgfmath@count=\count407
\pgfmath@box=\box75
\pgfmath@toks=\toks50
\pgfmath@stack@operand=\toks51
\pgfmath@stack@operation=\toks52
) (C:\Users\vitor\AppData\Local\Programs\MiKTeX\tex/generic/pgf/math\pgfmathfunctions.code.tex) (C:\Users\vitor\AppData\Local\Programs\MiKTeX\tex/generic/pgf/math\pgfmathfunctions.basic.code.tex) (C:\Users\vitor\AppData\Local\Programs\MiKTeX\tex/generic/pgf/math\pgfmathfunctions.trigonometric.code.tex) (C:\Users\vitor\AppData\Local\Programs\MiKTeX\tex/generic/pgf/math\pgfmathfunctions.random.code.tex) (C:\Users\vitor\AppData\Local\Programs\MiKTeX\tex/generic/pgf/math\pgfmathfunctions.comparison.code.tex) (C:\Users\vitor\AppData\Local\Programs\MiKTeX\tex/generic/pgf/math\pgfmathfunctions.base.code.tex) (C:\Users\vitor\AppData\Local\Programs\MiKTeX\tex/generic/pgf/math\pgfmathfunctions.round.code.tex) (C:\Users\vitor\AppData\Local\Programs\MiKTeX\tex/generic/pgf/math\pgfmathfunctions.misc.code.tex) (C:\Users\vitor\AppData\Local\Programs\MiKTeX\tex/generic/pgf/math\pgfmathfunctions.integerarithmetics.code.tex) (C:\Users\vitor\AppData\Local\Programs\MiKTeX\tex/generic/pgf/math\pgfmathcalc.code.tex) (C:\Users\vitor\AppData\Local\Programs\MiKTeX\tex/generic/pgf/math\pgfmathfloat.code.tex
\c@pgfmathroundto@lastzeros=\count408
)) (C:\Users\vitor\AppData\Local\Programs\MiKTeX\tex/generic/pgf/math\pgfint.code.tex) (C:\Users\vitor\AppData\Local\Programs\MiKTeX\tex/generic/pgf/basiclayer\pgfcorepoints.code.tex
File: pgfcorepoints.code.tex 2023-01-15 v3.1.10 (3.1.10)
\pgf@picminx=\dimen323
\pgf@picmaxx=\dimen324
\pgf@picminy=\dimen325
\pgf@picmaxy=\dimen326
\pgf@pathminx=\dimen327
\pgf@pathmaxx=\dimen328
\pgf@pathminy=\dimen329
\pgf@pathmaxy=\dimen330
\pgf@xx=\dimen331
\pgf@xy=\dimen332
\pgf@yx=\dimen333
\pgf@yy=\dimen334
\pgf@zx=\dimen335
\pgf@zy=\dimen336
) (C:\Users\vitor\AppData\Local\Programs\MiKTeX\tex/generic/pgf/basiclayer\pgfcorepathconstruct.code.tex
File: pgfcorepathconstruct.code.tex 2023-01-15 v3.1.10 (3.1.10)
\pgf@path@lastx=\dimen337
\pgf@path@lasty=\dimen338
) (C:\Users\vitor\AppData\Local\Programs\MiKTeX\tex/generic/pgf/basiclayer\pgfcorepathusage.code.tex
File: pgfcorepathusage.code.tex 2023-01-15 v3.1.10 (3.1.10)
\pgf@shorten@end@additional=\dimen339
\pgf@shorten@start@additional=\dimen340
) (C:\Users\vitor\AppData\Local\Programs\MiKTeX\tex/generic/pgf/basiclayer\pgfcorescopes.code.tex
File: pgfcorescopes.code.tex 2023-01-15 v3.1.10 (3.1.10)
\pgfpic=\box76
\pgf@hbox=\box77
\pgf@layerbox@main=\box78
\pgf@picture@serial@count=\count409
) (C:\Users\vitor\AppData\Local\Programs\MiKTeX\tex/generic/pgf/basiclayer\pgfcoregraphicstate.code.tex
File: pgfcoregraphicstate.code.tex 2023-01-15 v3.1.10 (3.1.10)
\pgflinewidth=\dimen341
) (C:\Users\vitor\AppData\Local\Programs\MiKTeX\tex/generic/pgf/basiclayer\pgfcoretransformations.code.tex
File: pgfcoretransformations.code.tex 2023-01-15 v3.1.10 (3.1.10)
\pgf@pt@x=\dimen342
\pgf@pt@y=\dimen343
\pgf@pt@temp=\dimen344
) (C:\Users\vitor\AppData\Local\Programs\MiKTeX\tex/generic/pgf/basiclayer\pgfcorequick.code.tex
File: pgfcorequick.code.tex 2023-01-15 v3.1.10 (3.1.10)
) (C:\Users\vitor\AppData\Local\Programs\MiKTeX\tex/generic/pgf/basiclayer\pgfcoreobjects.code.tex
File: pgfcoreobjects.code.tex 2023-01-15 v3.1.10 (3.1.10)
) (C:\Users\vitor\AppData\Local\Programs\MiKTeX\tex/generic/pgf/basiclayer\pgfcorepathprocessing.code.tex
File: pgfcorepathprocessing.code.tex 2023-01-15 v3.1.10 (3.1.10)
) (C:\Users\vitor\AppData\Local\Programs\MiKTeX\tex/generic/pgf/basiclayer\pgfcorearrows.code.tex
File: pgfcorearrows.code.tex 2023-01-15 v3.1.10 (3.1.10)
\pgfarrowsep=\dimen345
) (C:\Users\vitor\AppData\Local\Programs\MiKTeX\tex/generic/pgf/basiclayer\pgfcoreshade.code.tex
File: pgfcoreshade.code.tex 2023-01-15 v3.1.10 (3.1.10)
\pgf@max=\dimen346
\pgf@sys@shading@range@num=\count410
\pgf@shadingcount=\count411
) (C:\Users\vitor\AppData\Local\Programs\MiKTeX\tex/generic/pgf/basiclayer\pgfcoreimage.code.tex
File: pgfcoreimage.code.tex 2023-01-15 v3.1.10 (3.1.10)
) (C:\Users\vitor\AppData\Local\Programs\MiKTeX\tex/generic/pgf/basiclayer\pgfcoreexternal.code.tex
File: pgfcoreexternal.code.tex 2023-01-15 v3.1.10 (3.1.10)
\pgfexternal@startupbox=\box79
) (C:\Users\vitor\AppData\Local\Programs\MiKTeX\tex/generic/pgf/basiclayer\pgfcorelayers.code.tex
File: pgfcorelayers.code.tex 2023-01-15 v3.1.10 (3.1.10)
) (C:\Users\vitor\AppData\Local\Programs\MiKTeX\tex/generic/pgf/basiclayer\pgfcoretransparency.code.tex
File: pgfcoretransparency.code.tex 2023-01-15 v3.1.10 (3.1.10)
) (C:\Users\vitor\AppData\Local\Programs\MiKTeX\tex/generic/pgf/basiclayer\pgfcorepatterns.code.tex
File: pgfcorepatterns.code.tex 2023-01-15 v3.1.10 (3.1.10)
) (C:\Users\vitor\AppData\Local\Programs\MiKTeX\tex/generic/pgf/basiclayer\pgfcorerdf.code.tex
File: pgfcorerdf.code.tex 2023-01-15 v3.1.10 (3.1.10)
))) (C:\Users\vitor\AppData\Local\Programs\MiKTeX\tex/generic/pgf/modules\pgfmoduleshapes.code.tex
File: pgfmoduleshapes.code.tex 2023-01-15 v3.1.10 (3.1.10)
\pgfnodeparttextbox=\box80
) (C:\Users\vitor\AppData\Local\Programs\MiKTeX\tex/generic/pgf/modules\pgfmoduleplot.code.tex
File: pgfmoduleplot.code.tex 2023-01-15 v3.1.10 (3.1.10)
) (C:\Users\vitor\AppData\Local\Programs\MiKTeX\tex/latex/pgf/compatibility\pgfcomp-version-0-65.sty
Package: pgfcomp-version-0-65 2023-01-15 v3.1.10 (3.1.10)
\pgf@nodesepstart=\dimen347
\pgf@nodesepend=\dimen348
) (C:\Users\vitor\AppData\Local\Programs\MiKTeX\tex/latex/pgf/compatibility\pgfcomp-version-1-18.sty
Package: pgfcomp-version-1-18 2023-01-15 v3.1.10 (3.1.10)
)) (C:\Users\vitor\AppData\Local\Programs\MiKTeX\tex/latex/pgf/utilities\pgffor.sty (C:\Users\vitor\AppData\Local\Programs\MiKTeX\tex/latex/pgf/utilities\pgfkeys.sty (C:\Users\vitor\AppData\Local\Programs\MiKTeX\tex/generic/pgf/utilities\pgfkeys.code.tex)) (C:\Users\vitor\AppData\Local\Programs\MiKTeX\tex/latex/pgf/math\pgfmath.sty (C:\Users\vitor\AppData\Local\Programs\MiKTeX\tex/generic/pgf/math\pgfmath.code.tex)) (C:\Users\vitor\AppData\Local\Programs\MiKTeX\tex/generic/pgf/utilities\pgffor.code.tex
Package: pgffor 2023-01-15 v3.1.10 (3.1.10)
\pgffor@iter=\dimen349
\pgffor@skip=\dimen350
\pgffor@stack=\toks53
\pgffor@toks=\toks54
)) (C:\Users\vitor\AppData\Local\Programs\MiKTeX\tex/generic/pgf/frontendlayer/tikz\tikz.code.tex
Package: tikz 2023-01-15 v3.1.10 (3.1.10)
 (C:\Users\vitor\AppData\Local\Programs\MiKTeX\tex/generic/pgf/libraries\pgflibraryplothandlers.code.tex
File: pgflibraryplothandlers.code.tex 2023-01-15 v3.1.10 (3.1.10)
\pgf@plot@mark@count=\count412
\pgfplotmarksize=\dimen351
)
\tikz@lastx=\dimen352
\tikz@lasty=\dimen353
\tikz@lastxsaved=\dimen354
\tikz@lastysaved=\dimen355
\tikz@lastmovetox=\dimen356
\tikz@lastmovetoy=\dimen357
\tikzleveldistance=\dimen358
\tikzsiblingdistance=\dimen359
\tikz@figbox=\box81
\tikz@figbox@bg=\box82
\tikz@tempbox=\box83
\tikz@tempbox@bg=\box84
\tikztreelevel=\count413
\tikznumberofchildren=\count414
\tikznumberofcurrentchild=\count415
\tikz@fig@count=\count416
 (C:\Users\vitor\AppData\Local\Programs\MiKTeX\tex/generic/pgf/modules\pgfmodulematrix.code.tex
File: pgfmodulematrix.code.tex 2023-01-15 v3.1.10 (3.1.10)
\pgfmatrixcurrentrow=\count417
\pgfmatrixcurrentcolumn=\count418
\pgf@matrix@numberofcolumns=\count419
)
\tikz@expandcount=\count420
 (C:\Users\vitor\AppData\Local\Programs\MiKTeX\tex/generic/pgf/frontendlayer/tikz/libraries\tikzlibrarytopaths.code.tex
File: tikzlibrarytopaths.code.tex 2023-01-15 v3.1.10 (3.1.10)
))) (C:\Users\vitor\AppData\Local\Programs\MiKTeX\tex/generic/pgf/frontendlayer/tikz/libraries\tikzlibraryshapes.geometric.code.tex
File: tikzlibraryshapes.geometric.code.tex 2023-01-15 v3.1.10 (3.1.10)
 (C:\Users\vitor\AppData\Local\Programs\MiKTeX\tex/generic/pgf/libraries/shapes\pgflibraryshapes.geometric.code.tex
File: pgflibraryshapes.geometric.code.tex 2023-01-15 v3.1.10 (3.1.10)
)) (C:\Users\vitor\AppData\Local\Programs\MiKTeX\tex/generic/pgf/frontendlayer/tikz/libraries\tikzlibraryarrows.code.tex
File: tikzlibraryarrows.code.tex 2023-01-15 v3.1.10 (3.1.10)
 (C:\Users\vitor\AppData\Local\Programs\MiKTeX\tex/generic/pgf/libraries\pgflibraryarrows.code.tex
File: pgflibraryarrows.code.tex 2023-01-15 v3.1.10 (3.1.10)
\arrowsize=\dimen360
)) (C:\Users\vitor\AppData\Local\Programs\MiKTeX\tex/generic/pgf/frontendlayer/tikz/libraries\tikzlibrarypositioning.code.tex
File: tikzlibrarypositioning.code.tex 2023-01-15 v3.1.10 (3.1.10)
)
Package hyperref Info: Option `colorlinks' set `true' on input line 205.
\abntex2-modelo-ifrs-osorio-ads-tcc@idxfile=\write5
\openout5 = `abntex2-modelo-ifrs-osorio-ads-tcc.idx'.


Writing index file abntex2-modelo-ifrs-osorio-ads-tcc.idx 
(abntex2-modelo-ifrs-osorio-ads-tcc.aux
Package babel Info: 'brazil' activates 'portuges' shorthands.
(babel)             Reported  on input line 19.
 (elementos-textuais/capitulo-2-metodologia.aux) (elementos-textuais/capitulo-4-trabalhos-correlatos.aux) (elementos-textuais/capitulo-5-referencial-teorico.aux) (elementos-textuais/capitulo-8-resultados.aux) (elementos-textuais/conclusao.aux) (elementos-pos-textuais/apendices/apendice-b.aux) (elementos-pos-textuais/apendices/apendice-a.aux))
\openout1 = `abntex2-modelo-ifrs-osorio-ads-tcc.aux'.

LaTeX Font Info:    Checking defaults for OML/cmm/m/it on input line 226.
LaTeX Font Info:    ... okay on input line 226.
LaTeX Font Info:    Checking defaults for OMS/cmsy/m/n on input line 226.
LaTeX Font Info:    ... okay on input line 226.
LaTeX Font Info:    Checking defaults for OT1/cmr/m/n on input line 226.
LaTeX Font Info:    ... okay on input line 226.
LaTeX Font Info:    Checking defaults for T1/cmr/m/n on input line 226.
LaTeX Font Info:    ... okay on input line 226.
LaTeX Font Info:    Checking defaults for TS1/cmr/m/n on input line 226.
LaTeX Font Info:    ... okay on input line 226.
LaTeX Font Info:    Checking defaults for OMX/cmex/m/n on input line 226.
LaTeX Font Info:    ... okay on input line 226.
LaTeX Font Info:    Checking defaults for U/cmr/m/n on input line 226.
LaTeX Font Info:    ... okay on input line 226.
LaTeX Font Info:    Checking defaults for PD1/pdf/m/n on input line 226.
LaTeX Font Info:    ... okay on input line 226.
LaTeX Font Info:    Checking defaults for PU/pdf/m/n on input line 226.
LaTeX Font Info:    ... okay on input line 226.
Package hyperref Info: Link coloring ON on input line 226.
LaTeX Info: Redefining \degres on input line 226.
LaTeX Info: Redefining \up on input line 226.
\myptabbox=\box85
\myptabboxwidth=\skip269
 (C:\Users\vitor\AppData\Local\Programs\MiKTeX\tex/context/base/mkii\supp-pdf.mkii
[Loading MPS to PDF converter (version 2006.09.02).]
\scratchcounter=\count421
\scratchdimen=\dimen361
\scratchbox=\box86
\nofMPsegments=\count422
\nofMParguments=\count423
\everyMPshowfont=\toks55
\MPscratchCnt=\count424
\MPscratchDim=\dimen362
\MPnumerator=\count425
\makeMPintoPDFobject=\count426
\everyMPtoPDFconversion=\toks56
) (C:\Users\vitor\AppData\Local\Programs\MiKTeX\tex/latex/epstopdf-pkg\epstopdf-base.sty
Package: epstopdf-base 2020-01-24 v2.11 Base part for package epstopdf
Package epstopdf-base Info: Redefining graphics rule for `.eps' on input line 485.
 (C:\Users\vitor\AppData\Local\Programs\MiKTeX\tex/latex/00miktex\epstopdf-sys.cfg
File: epstopdf-sys.cfg 2021/03/18 v2.0 Configuration of epstopdf for MiKTeX
)) (C:\Users\vitor\AppData\Local\Programs\MiKTeX\tex/latex/pdflscape\pdflscape.sty
Package: pdflscape 2022-10-27 v0.13 Display of landscape pages in PDF
 (C:\Users\vitor\AppData\Local\Programs\MiKTeX\tex/latex/pdflscape\pdflscape-nometadata.sty
Package: pdflscape-nometadata 2022-10-28 v0.13 Display of landscape pages in PDF (HO)
Package pdflscape Info: Auto-detected driver: pdftex on input line 81.
))
LaTeX Info: Redefining \microtypecontext on input line 226.
Package microtype Info: Applying patch `item' on input line 226.
Package microtype Info: Applying patch `toc' on input line 226.
Package microtype Info: Applying patch `eqnum' on input line 226.
Package microtype Info: Applying patch `footnote' on input line 226.
Package microtype Info: Applying patch `verbatim' on input line 226.
LaTeX Info: Redefining \microtypesetup on input line 226.
Package microtype Info: Generating PDF output.
Package microtype Info: Character protrusion enabled (level 2).
Package microtype Info: Using default protrusion set `alltext'.
Package microtype Info: Automatic font expansion enabled (level 2),
(microtype)             stretch: 20, shrink: 20, step: 1, non-selected.
Package microtype Info: Using default expansion set `alltext-nott'.
LaTeX Info: Redefining \showhyphens on input line 226.
Package microtype Info: No adjustment of tracking.
Package microtype Info: No adjustment of interword spacing.
Package microtype Info: No adjustment of character kerning.
 (C:\Users\vitor\AppData\Local\Programs\MiKTeX\tex/latex/microtype\mt-ptm.cfg
File: mt-ptm.cfg 2006/04/20 v1.7 microtype config. file: Times (RS)
)
*geometry* driver: auto-detecting
*geometry* detected driver: pdftex
*geometry* verbose mode - [ preamble ] result:
* driver: pdftex
* paper: a4paper
* layout: <same size as paper>
* layoutoffset:(h,v)=(0.0pt,0.0pt)
* modes: 
* h-part:(L,W,R)=(89.62709pt, 418.25368pt, 89.6271pt)
* v-part:(T,H,B)=(101.40665pt, 591.5302pt, 152.11pt)
* \paperwidth=597.50787pt
* \paperheight=845.04684pt
* \textwidth=418.25368pt
* \textheight=591.5302pt
* \oddsidemargin=17.3571pt
* \evensidemargin=17.3571pt
* \topmargin=-5.23714pt
* \headheight=14.5pt
* \headsep=19.8738pt
* \topskip=12.0pt
* \footskip=30.0pt
* \marginparwidth=42.9055pt
* \marginparsep=7.0pt
* \columnsep=10.0pt
* \skip\footins=12.0pt plus 4.0pt minus 4.0pt
* \hoffset=0.0pt
* \voffset=0.0pt
* \mag=1000
* \@twocolumnfalse
* \@twosidefalse
* \@mparswitchfalse
* \@reversemarginfalse
* (1in=72.27pt=25.4mm, 1cm=28.453pt)

\c@lstlisting=\count427
Package caption Info: Begin \AtBeginDocument code.
Package caption Info: End \AtBeginDocument code.
<imagens/Logo_horizontal_semfundo.png, id=6, 867.24pt x 298.11375pt>
File: imagens/Logo_horizontal_semfundo.png Graphic file (type png)
<use imagens/Logo_horizontal_semfundo.png>
Package pdftex.def Info: imagens/Logo_horizontal_semfundo.png  used on input line 243.
(pdftex.def)             Requested size: 260.17401pt x 89.43481pt.
LaTeX Font Info:    Trying to load font information for T1+ptm on input line 243.
(C:\Users\vitor\AppData\Local\Programs\MiKTeX\tex/latex/psnfss\t1ptm.fd
File: t1ptm.fd 2001/06/04 font definitions for T1/ptm.
)

LaTeX Font Warning: Font shape `T1/ptm/sbc/n' undefined
(Font)              using `T1/ptm/m/n' instead on input line 243.


LaTeX Font Warning: Font shape `T1/ptm/bc/n' undefined
(Font)              using `T1/ptm/b/n' instead on input line 243.



[1

{C:/Users/vitor/AppData/Local/MiKTeX/fonts/map/pdftex/pdftex.map}{C:/Users/vitor/AppData/Local/Programs/MiKTeX/fonts/enc/dvips/base/8r.enc}{C:/Users/vitor/AppData/Local/Programs/MiKTeX/fonts/enc/dvips/tex-gyre/q-ec.enc} <./imagens/Logo_horizontal_semfundo.png>]

LaTeX Font Warning: Font shape `T1/ptm/bc/n' undefined
(Font)              using `T1/ptm/b/n' instead on input line 252.

(C:\Users\vitor\AppData\Local\Programs\MiKTeX\tex/latex/microtype\mt-cmr.cfg
File: mt-cmr.cfg 2013/05/19 v2.2 microtype config. file: Computer Modern Roman (RS)
)
LaTeX Font Info:    External font `cmex10' loaded for size
(Font)              <12> on input line 252.
LaTeX Font Info:    External font `cmex10' loaded for size
(Font)              <8> on input line 252.
LaTeX Font Info:    External font `cmex10' loaded for size
(Font)              <6> on input line 252.



pdfTeX warning (ext4): destination with the same identifier (name{page.1}) has been already used, duplicate ignored
<to be read again> 
                   \relax 
l.252 
       [1



] (elementos-pre-textuais/folha-de-aprovacao.tex

LaTeX Font Warning: Font shape `T1/ptm/bc/n' undefined
(Font)              using `T1/ptm/b/n' instead on input line 11.



[2

]) (elementos-pre-textuais/resumo.tex

LaTeX Font Warning: Font shape `T1/ptm/bc/n' undefined
(Font)              using `T1/ptm/b/n' instead on input line 3.



[3

]) (elementos-pre-textuais/abstract.tex

LaTeX Font Warning: Font shape `T1/ptm/bc/n' undefined
(Font)              using `T1/ptm/b/n' instead on input line 1.



[4

])

LaTeX Font Warning: Font shape `T1/ptm/bc/n' undefined
(Font)              using `T1/ptm/b/n' instead on input line 298.

(abntex2-modelo-ifrs-osorio-ads-tcc.lof

[5

]

[6]

[7])

[8]

LaTeX Font Warning: Font shape `T1/ptm/bc/n' undefined
(Font)              using `T1/ptm/b/n' instead on input line 306.

(abntex2-modelo-ifrs-osorio-ads-tcc.lot
Package microtype Info: Loading generic protrusion settings for font family
(microtype)             `cmtt' (encoding: T1).
(microtype)             For optimal results, create family-specific settings.
(microtype)             See the microtype manual for details.
)

[9

]

LaTeX Font Warning: Font shape `T1/ptm/bc/n' undefined
(Font)              using `T1/ptm/b/n' instead on input line 320.

(abntex2-modelo-ifrs-osorio-ads-tcc.toc

LaTeX Font Warning: Font shape `T1/ptm/bc/n' undefined
(Font)              using `T1/ptm/b/n' instead on input line 8.


LaTeX Font Warning: Font shape `T1/ptm/bc/n' undefined
(Font)              using `T1/ptm/b/n' instead on input line 8.


LaTeX Font Warning: Font shape `T1/ptm/bc/n' undefined
(Font)              using `T1/ptm/b/n' instead on input line 8.


LaTeX Font Warning: Font shape `T1/ptm/bc/n' undefined
(Font)              using `T1/ptm/b/n' instead on input line 8.


LaTeX Font Warning: Font shape `T1/ptm/bc/n' undefined
(Font)              using `T1/ptm/b/n' instead on input line 9.


LaTeX Font Warning: Font shape `T1/ptm/bc/n' undefined
(Font)              using `T1/ptm/b/n' instead on input line 9.


LaTeX Font Warning: Font shape `T1/ptm/bc/n' undefined
(Font)              using `T1/ptm/b/n' instead on input line 9.


LaTeX Font Warning: Font shape `T1/ptm/sbc/it' undefined
(Font)              using `T1/ptm/sbc/n' instead on input line 10.


LaTeX Font Warning: Font shape `T1/ptm/bc/n' undefined
(Font)              using `T1/ptm/b/n' instead on input line 12.


LaTeX Font Warning: Font shape `T1/ptm/bc/n' undefined
(Font)              using `T1/ptm/b/n' instead on input line 12.


LaTeX Font Warning: Font shape `T1/ptm/bc/n' undefined
(Font)              using `T1/ptm/b/n' instead on input line 12.


LaTeX Font Warning: Font shape `T1/ptm/bc/n' undefined
(Font)              using `T1/ptm/b/n' instead on input line 12.


LaTeX Font Warning: Font shape `T1/ptm/bc/n' undefined
(Font)              using `T1/ptm/b/n' instead on input line 13.


LaTeX Font Warning: Font shape `T1/ptm/bc/n' undefined
(Font)              using `T1/ptm/b/n' instead on input line 13.


LaTeX Font Warning: Font shape `T1/ptm/bc/n' undefined
(Font)              using `T1/ptm/b/n' instead on input line 13.


LaTeX Font Warning: Font shape `T1/ptm/bc/n' undefined
(Font)              using `T1/ptm/b/n' instead on input line 14.


LaTeX Font Warning: Font shape `T1/ptm/bc/n' undefined
(Font)              using `T1/ptm/b/n' instead on input line 14.


LaTeX Font Warning: Font shape `T1/ptm/bc/n' undefined
(Font)              using `T1/ptm/b/n' instead on input line 14.


LaTeX Font Warning: Font shape `T1/ptm/bc/n' undefined
(Font)              using `T1/ptm/b/n' instead on input line 15.


LaTeX Font Warning: Font shape `T1/ptm/bc/n' undefined
(Font)              using `T1/ptm/b/n' instead on input line 15.


LaTeX Font Warning: Font shape `T1/ptm/bc/n' undefined
(Font)              using `T1/ptm/b/n' instead on input line 15.


LaTeX Font Warning: Font shape `T1/ptm/bc/n' undefined
(Font)              using `T1/ptm/b/n' instead on input line 16.


LaTeX Font Warning: Font shape `T1/ptm/bc/n' undefined
(Font)              using `T1/ptm/b/n' instead on input line 16.


LaTeX Font Warning: Font shape `T1/ptm/bc/n' undefined
(Font)              using `T1/ptm/b/n' instead on input line 16.


LaTeX Font Warning: Font shape `T1/ptm/bc/n' undefined
(Font)              using `T1/ptm/b/n' instead on input line 18.


LaTeX Font Warning: Font shape `T1/ptm/bc/n' undefined
(Font)              using `T1/ptm/b/n' instead on input line 18.


LaTeX Font Warning: Font shape `T1/ptm/bc/n' undefined
(Font)              using `T1/ptm/b/n' instead on input line 18.


LaTeX Font Warning: Font shape `T1/ptm/bc/n' undefined
(Font)              using `T1/ptm/b/n' instead on input line 18.


LaTeX Font Warning: Font shape `T1/ptm/bc/n' undefined
(Font)              using `T1/ptm/b/n' instead on input line 19.


LaTeX Font Warning: Font shape `T1/ptm/bc/n' undefined
(Font)              using `T1/ptm/b/n' instead on input line 19.


LaTeX Font Warning: Font shape `T1/ptm/bc/n' undefined
(Font)              using `T1/ptm/b/n' instead on input line 19.


LaTeX Font Warning: Font shape `T1/ptm/bc/n' undefined
(Font)              using `T1/ptm/b/n' instead on input line 20.


LaTeX Font Warning: Font shape `T1/ptm/bc/n' undefined
(Font)              using `T1/ptm/b/n' instead on input line 20.


LaTeX Font Warning: Font shape `T1/ptm/bc/n' undefined
(Font)              using `T1/ptm/b/n' instead on input line 20.


LaTeX Font Warning: Font shape `T1/ptm/bc/n' undefined
(Font)              using `T1/ptm/b/n' instead on input line 22.


LaTeX Font Warning: Font shape `T1/ptm/bc/n' undefined
(Font)              using `T1/ptm/b/n' instead on input line 22.


LaTeX Font Warning: Font shape `T1/ptm/bc/n' undefined
(Font)              using `T1/ptm/b/n' instead on input line 22.


LaTeX Font Warning: Font shape `T1/ptm/bc/n' undefined
(Font)              using `T1/ptm/b/n' instead on input line 23.


LaTeX Font Warning: Font shape `T1/ptm/bc/n' undefined
(Font)              using `T1/ptm/b/n' instead on input line 23.


LaTeX Font Warning: Font shape `T1/ptm/bc/n' undefined
(Font)              using `T1/ptm/b/n' instead on input line 23.


LaTeX Font Warning: Font shape `T1/ptm/bc/n' undefined
(Font)              using `T1/ptm/b/n' instead on input line 24.


LaTeX Font Warning: Font shape `T1/ptm/bc/n' undefined
(Font)              using `T1/ptm/b/n' instead on input line 24.


LaTeX Font Warning: Font shape `T1/ptm/bc/n' undefined
(Font)              using `T1/ptm/b/n' instead on input line 24.


LaTeX Font Warning: Font shape `T1/ptm/bc/n' undefined
(Font)              using `T1/ptm/b/n' instead on input line 25.


LaTeX Font Warning: Font shape `T1/ptm/bc/n' undefined
(Font)              using `T1/ptm/b/n' instead on input line 25.


LaTeX Font Warning: Font shape `T1/ptm/bc/n' undefined
(Font)              using `T1/ptm/b/n' instead on input line 25.


LaTeX Font Warning: Font shape `T1/ptm/bc/n' undefined
(Font)              using `T1/ptm/b/n' instead on input line 26.


LaTeX Font Warning: Font shape `T1/ptm/bc/n' undefined
(Font)              using `T1/ptm/b/n' instead on input line 26.


LaTeX Font Warning: Font shape `T1/ptm/bc/n' undefined
(Font)              using `T1/ptm/b/n' instead on input line 26.


LaTeX Font Warning: Font shape `T1/ptm/bc/n' undefined
(Font)              using `T1/ptm/b/n' instead on input line 36.


LaTeX Font Warning: Font shape `T1/ptm/bc/n' undefined
(Font)              using `T1/ptm/b/n' instead on input line 36.


LaTeX Font Warning: Font shape `T1/ptm/bc/n' undefined
(Font)              using `T1/ptm/b/n' instead on input line 36.


LaTeX Font Warning: Font shape `T1/ptm/bc/n' undefined
(Font)              using `T1/ptm/b/n' instead on input line 36.


LaTeX Font Warning: Font shape `T1/ptm/bc/n' undefined
(Font)              using `T1/ptm/b/n' instead on input line 37.


LaTeX Font Warning: Font shape `T1/ptm/bc/n' undefined
(Font)              using `T1/ptm/b/n' instead on input line 37.


LaTeX Font Warning: Font shape `T1/ptm/bc/n' undefined
(Font)              using `T1/ptm/b/n' instead on input line 37.


LaTeX Font Warning: Font shape `T1/ptm/bc/n' undefined
(Font)              using `T1/ptm/b/n' instead on input line 38.


LaTeX Font Warning: Font shape `T1/ptm/bc/n' undefined
(Font)              using `T1/ptm/b/n' instead on input line 38.


LaTeX Font Warning: Font shape `T1/ptm/bc/n' undefined
(Font)              using `T1/ptm/b/n' instead on input line 38.



[10

]

LaTeX Font Warning: Font shape `T1/ptm/bc/n' undefined
(Font)              using `T1/ptm/b/n' instead on input line 39.


LaTeX Font Warning: Font shape `T1/ptm/bc/n' undefined
(Font)              using `T1/ptm/b/n' instead on input line 39.


LaTeX Font Warning: Font shape `T1/ptm/bc/n' undefined
(Font)              using `T1/ptm/b/n' instead on input line 39.


LaTeX Font Warning: Font shape `T1/ptm/bc/n' undefined
(Font)              using `T1/ptm/b/n' instead on input line 42.


LaTeX Font Warning: Font shape `T1/ptm/bc/n' undefined
(Font)              using `T1/ptm/b/n' instead on input line 42.


LaTeX Font Warning: Font shape `T1/ptm/bc/n' undefined
(Font)              using `T1/ptm/b/n' instead on input line 42.


LaTeX Font Warning: Font shape `T1/ptm/bc/n' undefined
(Font)              using `T1/ptm/b/n' instead on input line 46.


LaTeX Font Warning: Font shape `T1/ptm/bc/n' undefined
(Font)              using `T1/ptm/b/n' instead on input line 46.


LaTeX Font Warning: Font shape `T1/ptm/bc/n' undefined
(Font)              using `T1/ptm/b/n' instead on input line 46.


LaTeX Font Warning: Font shape `T1/ptm/bc/n' undefined
(Font)              using `T1/ptm/b/n' instead on input line 50.


LaTeX Font Warning: Font shape `T1/ptm/bc/n' undefined
(Font)              using `T1/ptm/b/n' instead on input line 50.


LaTeX Font Warning: Font shape `T1/ptm/bc/n' undefined
(Font)              using `T1/ptm/b/n' instead on input line 50.


LaTeX Font Warning: Font shape `T1/ptm/bc/n' undefined
(Font)              using `T1/ptm/b/n' instead on input line 53.


LaTeX Font Warning: Font shape `T1/ptm/bc/n' undefined
(Font)              using `T1/ptm/b/n' instead on input line 53.


LaTeX Font Warning: Font shape `T1/ptm/bc/n' undefined
(Font)              using `T1/ptm/b/n' instead on input line 53.


LaTeX Font Warning: Font shape `T1/ptm/bc/n' undefined
(Font)              using `T1/ptm/b/n' instead on input line 65.


LaTeX Font Warning: Font shape `T1/ptm/bc/n' undefined
(Font)              using `T1/ptm/b/n' instead on input line 65.


LaTeX Font Warning: Font shape `T1/ptm/bc/n' undefined
(Font)              using `T1/ptm/b/n' instead on input line 65.


LaTeX Font Warning: Font shape `T1/ptm/bc/n' undefined
(Font)              using `T1/ptm/b/n' instead on input line 69.


LaTeX Font Warning: Font shape `T1/ptm/bc/n' undefined
(Font)              using `T1/ptm/b/n' instead on input line 69.


LaTeX Font Warning: Font shape `T1/ptm/bc/n' undefined
(Font)              using `T1/ptm/b/n' instead on input line 69.


LaTeX Font Warning: Font shape `T1/ptm/bc/n' undefined
(Font)              using `T1/ptm/b/n' instead on input line 69.


LaTeX Font Warning: Font shape `T1/ptm/bc/n' undefined
(Font)              using `T1/ptm/b/n' instead on input line 72.


LaTeX Font Warning: Font shape `T1/ptm/bc/n' undefined
(Font)              using `T1/ptm/b/n' instead on input line 72.


LaTeX Font Warning: Font shape `T1/ptm/bc/n' undefined
(Font)              using `T1/ptm/b/n' instead on input line 72.


LaTeX Font Warning: Font shape `T1/ptm/bc/n' undefined
(Font)              using `T1/ptm/b/n' instead on input line 72.



[11]

LaTeX Font Warning: Font shape `T1/ptm/bc/n' undefined
(Font)              using `T1/ptm/b/n' instead on input line 77.


LaTeX Font Warning: Font shape `T1/ptm/bc/n' undefined
(Font)              using `T1/ptm/b/n' instead on input line 77.


LaTeX Font Warning: Font shape `T1/ptm/bc/n' undefined
(Font)              using `T1/ptm/b/n' instead on input line 77.


LaTeX Font Warning: Font shape `T1/ptm/bc/n' undefined
(Font)              using `T1/ptm/b/n' instead on input line 77.


LaTeX Font Warning: Font shape `T1/ptm/bc/n' undefined
(Font)              using `T1/ptm/b/n' instead on input line 81.


LaTeX Font Warning: Font shape `T1/ptm/bc/n' undefined
(Font)              using `T1/ptm/b/n' instead on input line 81.


LaTeX Font Warning: Font shape `T1/ptm/bc/n' undefined
(Font)              using `T1/ptm/b/n' instead on input line 81.


LaTeX Font Warning: Font shape `T1/ptm/bc/n' undefined
(Font)              using `T1/ptm/b/n' instead on input line 81.

)

[12] (elementos-textuais/introducao.tex

LaTeX Font Warning: Font shape `T1/ptm/bc/n' undefined
(Font)              using `T1/ptm/b/n' instead on input line 3.


LaTeX Font Warning: Font shape `T1/ptm/bc/n' undefined
(Font)              using `T1/ptm/b/n' instead on input line 3.


LaTeX Font Warning: Font shape `T1/ptm/bc/n' undefined
(Font)              using `T1/ptm/b/n' instead on input line 3.


LaTeX Font Warning: Font shape `T1/ptm/bc/n' undefined
(Font)              using `T1/ptm/b/n' instead on input line 3.


LaTeX Font Warning: Font shape `T1/ptm/bc/n' undefined
(Font)              using `T1/ptm/b/n' instead on input line 3.



[13


]

Package babel Info: 'brazil' activates 'portuges' shorthands.
(babel)             Reported  on input line 64.
[14]

LaTeX Font Warning: Font shape `T1/ptm/bc/n' undefined
(Font)              using `T1/ptm/b/n' instead on input line 77.



[15]
LaTeX Font Info:    External font `cmex10' loaded for size
(Font)              <7> on input line 96.
LaTeX Font Info:    External font `cmex10' loaded for size
(Font)              <5> on input line 96.
<imagens/fluxoJira.png, id=482, 1268.74pt x 847.165pt>
File: imagens/fluxoJira.png Graphic file (type png)
<use imagens/fluxoJira.png>
Package pdftex.def Info: imagens/fluxoJira.png  used on input line 101.
(pdftex.def)             Requested size: 334.60422pt x 223.42473pt.


[16 <./imagens/fluxoJira.png>])

[17]
\openout2 = `elementos-textuais/capitulo-2-metodologia.aux'.

 (elementos-textuais/capitulo-2-metodologia.tex)
\openout2 = `elementos-textuais/capitulo-4-trabalhos-correlatos.aux'.

 (elementos-textuais/capitulo-4-trabalhos-correlatos.tex

LaTeX Font Warning: Font shape `T1/ptm/bc/n' undefined
(Font)              using `T1/ptm/b/n' instead on input line 1.


LaTeX Font Warning: Font shape `T1/ptm/bc/n' undefined
(Font)              using `T1/ptm/b/n' instead on input line 1.


LaTeX Font Warning: Font shape `T1/ptm/bc/n' undefined
(Font)              using `T1/ptm/b/n' instead on input line 1.


LaTeX Font Warning: Font shape `T1/ptm/bc/n' undefined
(Font)              using `T1/ptm/b/n' instead on input line 1.


LaTeX Font Warning: Font shape `T1/ptm/bc/n' undefined
(Font)              using `T1/ptm/b/n' instead on input line 1.



[18





]
<imagens/sisGeoApp.png, id=511, 1387.1825pt x 591.20876pt>
File: imagens/sisGeoApp.png Graphic file (type png)
<use imagens/sisGeoApp.png>
Package pdftex.def Info: imagens/sisGeoApp.png  used on input line 20.
(pdftex.def)             Requested size: 418.25368pt x 178.25708pt.
<imagens/sisGeoMapa.png, id=518, 959.585pt x 490.83376pt>
File: imagens/sisGeoMapa.png Graphic file (type png)
<use imagens/sisGeoMapa.png>
Package pdftex.def Info: imagens/sisGeoMapa.png  used on input line 32.
(pdftex.def)             Requested size: 418.25368pt x 213.93785pt.


[19 <./imagens/sisGeoApp.png>]

[20 <./imagens/sisGeoMapa.png>]
<imagens/app1.png, id=535, 282.05376pt x 545.03625pt>
File: imagens/app1.png Graphic file (type png)
<use imagens/app1.png>
Package pdftex.def Info: imagens/app1.png  used on input line 52.
(pdftex.def)             Requested size: 138.02448pt x 266.72081pt.
<imagens/app3.png, id=536, 276.03125pt x 547.04375pt>
File: imagens/app3.png Graphic file (type png)
<use imagens/app3.png>
Package pdftex.def Info: imagens/app3.png  used on input line 53.
(pdftex.def)             Requested size: 135.09511pt x 267.74493pt.
<imagens/app2.png, id=537, 274.02374pt x 547.04375pt>
File: imagens/app2.png Graphic file (type png)
<use imagens/app2.png>
Package pdftex.def Info: imagens/app2.png  used on input line 54.
(pdftex.def)             Requested size: 133.84424pt x 267.20236pt.


[21 <./imagens/app1.png> <./imagens/app3.png> <./imagens/app2.png>]
<imagens/simbaRegistro.png, id=550, 1606.0pt x 744.7825pt>
File: imagens/simbaRegistro.png Graphic file (type png)
<use imagens/simbaRegistro.png>
Package pdftex.def Info: imagens/simbaRegistro.png  used on input line 82.
(pdftex.def)             Requested size: 418.25368pt x 193.95708pt.


[22]
<imagens/simbaTrajetoria.png, id=560, 1606.0pt x 749.80125pt>
File: imagens/simbaTrajetoria.png Graphic file (type png)
<use imagens/simbaTrajetoria.png>
Package pdftex.def Info: imagens/simbaTrajetoria.png  used on input line 90.
(pdftex.def)             Requested size: 418.25368pt x 195.26407pt.


[23 <./imagens/simbaRegistro.png> <./imagens/simbaTrajetoria.png>]
<imagens/simbaMonitoramento.png, id=570, 1606.0pt x 734.745pt>
File: imagens/simbaMonitoramento.png Graphic file (type png)
<use imagens/simbaMonitoramento.png>
Package pdftex.def Info: imagens/simbaMonitoramento.png  used on input line 100.
(pdftex.def)             Requested size: 418.25368pt x 191.34311pt.


[24 <./imagens/simbaMonitoramento.png>])

[25]
\openout2 = `elementos-textuais/capitulo-5-referencial-teorico.aux'.

 (elementos-textuais/capitulo-5-referencial-teorico.tex

LaTeX Font Warning: Font shape `T1/ptm/bc/n' undefined
(Font)              using `T1/ptm/b/n' instead on input line 1.


LaTeX Font Warning: Font shape `T1/ptm/bc/n' undefined
(Font)              using `T1/ptm/b/n' instead on input line 1.


LaTeX Font Warning: Font shape `T1/ptm/bc/n' undefined
(Font)              using `T1/ptm/b/n' instead on input line 1.


LaTeX Font Warning: Font shape `T1/ptm/bc/n' undefined
(Font)              using `T1/ptm/b/n' instead on input line 1.


LaTeX Font Warning: Font shape `T1/ptm/bc/n' undefined
(Font)              using `T1/ptm/b/n' instead on input line 1.



[26




]

LaTeX Font Warning: Font shape `T1/ptm/bc/n' undefined
(Font)              using `T1/ptm/b/n' instead on input line 24.

LaTeX Font Info:    Trying to load font information for TS1+qtm on input line 30.
(C:\Users\vitor\AppData\Local\Programs\MiKTeX\tex/latex/tex-gyre\ts1qtm.fd
File: ts1qtm.fd 2009/09/25 v1.2 font definition file for TS1/qtm
)

[27{C:/Users/vitor/AppData/Local/Programs/MiKTeX/fonts/enc/dvips/tex-gyre/q-ts1.enc}]

[28]
<imagens/graficoPressman.png, id=621, 725.71124pt x 410.2828pt>
File: imagens/graficoPressman.png Graphic file (type png)
<use imagens/graficoPressman.png>
Package pdftex.def Info: imagens/graficoPressman.png  used on input line 63.
(pdftex.def)             Requested size: 334.60422pt x 189.17061pt.


[29]

[30 <./imagens/graficoPressman.png>]

LaTeX Font Warning: Font shape `T1/ptm/bc/n' undefined
(Font)              using `T1/ptm/b/n' instead on input line 102.



[31]

LaTeX Font Warning: Font shape `T1/ptm/bc/n' undefined
(Font)              using `T1/ptm/b/n' instead on input line 117.



[32]

LaTeX Font Warning: Font shape `T1/ptm/bc/n' undefined
(Font)              using `T1/ptm/b/n' instead on input line 127.



[33]

LaTeX Font Warning: Font shape `T1/ptm/bc/n' undefined
(Font)              using `T1/ptm/b/n' instead on input line 137.



[34]
Overfull \hbox (13.69185pt too wide) in paragraph at lines 178--178
[]|\T1/qtm/m/n/12 (-20) persistent_bottom_nav_bar| 
 []


Underfull \hbox (badness 1442) in paragraph at lines 195--195
[]|\T1/qtm/m/n/12 (+20) Anima��o ske-le-ton lo-a-der (pla-cehol-ders en-
 []


Overfull \hbox (31.91124pt too wide) in paragraph at lines 166--210
 [][] 
 []



[35]
Overfull \vbox (154.04897pt too high) has occurred while \output is active []



[36]

LaTeX Font Warning: Font shape `T1/qtm/m/sl' in size <12> not available
(Font)              Font shape `T1/qtm/m/it' tried instead on input line 213.


LaTeX Font Warning: Font shape `T1/qtm/b/sl' in size <12> not available
(Font)              Font shape `T1/qtm/b/it' tried instead on input line 213.



[37])

[38]
\openout2 = `elementos-textuais/capitulo-8-resultados.aux'.

 (elementos-textuais/capitulo-8-resultados.tex

LaTeX Font Warning: Font shape `T1/ptm/bc/n' undefined
(Font)              using `T1/ptm/b/n' instead on input line 1.


LaTeX Font Warning: Font shape `T1/ptm/bc/n' undefined
(Font)              using `T1/ptm/b/n' instead on input line 1.


LaTeX Font Warning: Font shape `T1/ptm/bc/n' undefined
(Font)              using `T1/ptm/b/n' instead on input line 1.


LaTeX Font Warning: Font shape `T1/ptm/bc/n' undefined
(Font)              using `T1/ptm/b/n' instead on input line 1.


LaTeX Font Warning: Font shape `T1/ptm/bc/n' undefined
(Font)              using `T1/ptm/b/n' instead on input line 1.



[39




]

[40]

[41]
Overfull \hbox (4.07133pt too wide) in paragraph at lines 154--155
 [][] 
 []



[42]

[43]

LaTeX Font Warning: Font shape `T1/ptm/bc/n' undefined
(Font)              using `T1/ptm/b/n' instead on input line 194.



[44]
Overfull \hbox (6.31126pt too wide) in alignment at lines 198--203
 [] [] 
 []


Overfull \hbox (6.31126pt too wide) in alignment at lines 203--208
 [] [] 
 []


Overfull \hbox (6.31126pt too wide) in alignment at lines 208--212
 [] [] 
 []


Overfull \hbox (6.31126pt too wide) in alignment at lines 212--215
 [] [] 
 []


Overfull \hbox (6.31126pt too wide) in alignment at lines 215--306
 [] [] 
 []

[45] [46] [47] [48]

LaTeX Font Warning: Font shape `T1/ptm/bc/n' undefined
(Font)              using `T1/ptm/b/n' instead on input line 309.


Overfull \hbox (6.31126pt too wide) in alignment at lines 319--324
 [] [] 
 []


Overfull \hbox (6.31126pt too wide) in alignment at lines 324--329
 [] [] 
 []


Overfull \hbox (6.31126pt too wide) in alignment at lines 329--333
 [] [] 
 []


Overfull \hbox (6.31126pt too wide) in alignment at lines 333--336
 [] [] 
 []


Overfull \hbox (6.31126pt too wide) in alignment at lines 336--352
 [] [] 
 []

[49]

LaTeX Font Warning: Font shape `T1/ptm/bc/n' undefined
(Font)              using `T1/ptm/b/n' instead on input line 358.

<imagens/sistemaWebFaunaMar.png, id=810, 1223.32031pt x 683.55376pt>
File: imagens/sistemaWebFaunaMar.png Graphic file (type png)
<use imagens/sistemaWebFaunaMar.png>
Package pdftex.def Info: imagens/sistemaWebFaunaMar.png  used on input line 365.
(pdftex.def)             Requested size: 418.25368pt x 233.69855pt.


[50]
<imagens/paleta-cores.png, id=820, 571.38469pt x 227.34938pt>
File: imagens/paleta-cores.png Graphic file (type png)
<use imagens/paleta-cores.png>
Package pdftex.def Info: imagens/paleta-cores.png  used on input line 375.
(pdftex.def)             Requested size: 418.25368pt x 166.42157pt.
<imagens/identidade-app.png, id=821, 330.48468pt x 617.30624pt>
File: imagens/identidade-app.png Graphic file (type png)
<use imagens/identidade-app.png>
Package pdftex.def Info: imagens/identidade-app.png  used on input line 383.
(pdftex.def)             Requested size: 158.34845pt x 295.76509pt.


[51 <./imagens/sistemaWebFaunaMar.png> <./imagens/paleta-cores.png>]

LaTeX Font Warning: Font shape `T1/ptm/bc/n' undefined
(Font)              using `T1/ptm/b/n' instead on input line 388.

<imagens/login-figma.png, id=832, 813.0375pt x 1806.75pt>
File: imagens/login-figma.png Graphic file (type png)
<use imagens/login-figma.png>
Package pdftex.def Info: imagens/login-figma.png  used on input line 399.
(pdftex.def)             Requested size: 159.71404pt x 354.92172pt.
<imagens/cadastro-figma.png, id=833, 813.0375pt x 1806.75pt>
File: imagens/cadastro-figma.png Graphic file (type png)
<use imagens/cadastro-figma.png>
Package pdftex.def Info: imagens/cadastro-figma.png  used on input line 406.
(pdftex.def)             Requested size: 159.71404pt x 354.92172pt.


[52 <./imagens/identidade-app.png>]
<imagens/menu-pesquisador-figma.png, id=839, 1125.45468pt x 1204.5pt>
File: imagens/menu-pesquisador-figma.png Graphic file (type png)
<use imagens/menu-pesquisador-figma.png>
Package pdftex.def Info: imagens/menu-pesquisador-figma.png  used on input line 415.
(pdftex.def)             Requested size: 331.62845pt x 354.92172pt.


[53 <./imagens/login-figma.png> <./imagens/cadastro-figma.png>]
<imagens/meus-registros-figma.png, id=847, 1132.98282pt x 1204.5pt>
File: imagens/meus-registros-figma.png Graphic file (type png)
<use imagens/meus-registros-figma.png>
Package pdftex.def Info: imagens/meus-registros-figma.png  used on input line 425.
(pdftex.def)             Requested size: 333.8467pt x 354.92172pt.


[54 <./imagens/menu-pesquisador-figma.png>]
<imagens/registro-simples-figma.png, id=856, 1665.22125pt x 1204.5pt>
File: imagens/registro-simples-figma.png Graphic file (type png)
<use imagens/registro-simples-figma.png>
Package pdftex.def Info: imagens/registro-simples-figma.png  used on input line 435.
(pdftex.def)             Requested size: 418.2608pt x 325.348pt.


[55 <./imagens/meus-registros-figma.png>]
<imagens/registro-tecnico-figma.png, id=862, 1099.10625pt x 1204.5pt>
File: imagens/registro-tecnico-figma.png Graphic file (type png)
<use imagens/registro-tecnico-figma.png>
Package pdftex.def Info: imagens/registro-tecnico-figma.png  used on input line 443.
(pdftex.def)             Requested size: 323.86456pt x 354.92172pt.


[56 <./imagens/registro-simples-figma.png>]
<imagens/registro-pendente-figma.png, id=869, 543.53062pt x 1204.5pt>
File: imagens/registro-pendente-figma.png Graphic file (type png)
<use imagens/registro-pendente-figma.png>
Package pdftex.def Info: imagens/registro-pendente-figma.png  used on input line 453.
(pdftex.def)             Requested size: 160.15767pt x 354.92172pt.


[57 <./imagens/registro-tecnico-figma.png>]
<imagens/avaliar-registro-figma.png, id=876, 1659.95157pt x 1204.5pt>
File: imagens/avaliar-registro-figma.png Graphic file (type png)
<use imagens/avaliar-registro-figma.png>
Package pdftex.def Info: imagens/avaliar-registro-figma.png  used on input line 463.
(pdftex.def)             Requested size: 418.25429pt x 325.348pt.


[58 <./imagens/registro-pendente-figma.png>]
<imagens/ver-registro-figma.png, id=884, 535.2497pt x 1204.5pt>
File: imagens/ver-registro-figma.png Graphic file (type png)
<use imagens/ver-registro-figma.png>
Package pdftex.def Info: imagens/ver-registro-figma.png  used on input line 475.
(pdftex.def)             Requested size: 157.7176pt x 354.92172pt.
<imagens/ve-registro-enviado-figma.png, id=885, 536.75531pt x 1204.5pt>
File: imagens/ve-registro-enviado-figma.png Graphic file (type png)
<use imagens/ve-registro-enviado-figma.png>
Package pdftex.def Info: imagens/ve-registro-enviado-figma.png  used on input line 482.
(pdftex.def)             Requested size: 158.16125pt x 354.92172pt.


[59 <./imagens/avaliar-registro-figma.png>]
<imagens/perfil-figma.png, id=892, 2515.89937pt x 1806.75pt>
File: imagens/perfil-figma.png Graphic file (type png)
<use imagens/perfil-figma.png>
Package pdftex.def Info: imagens/perfil-figma.png  used on input line 495.
(pdftex.def)             Requested size: 418.25342pt x 313.51183pt.


[60 <./imagens/ver-registro-figma.png> <./imagens/ve-registro-enviado-figma.png>]
<imagens/fauna-local-figma.png, id=901, 1112.65688pt x 1204.5pt>
File: imagens/fauna-local-figma.png Graphic file (type png)
<use imagens/fauna-local-figma.png>
Package pdftex.def Info: imagens/fauna-local-figma.png  used on input line 506.
(pdftex.def)             Requested size: 327.85742pt x 354.92172pt.


[61 <./imagens/perfil-figma.png>]
<imagens/esqueceu-senha-figma.png, id=908, 2521.16907pt x 1806.75pt>
File: imagens/esqueceu-senha-figma.png Graphic file (type png)
<use imagens/esqueceu-senha-figma.png>
Package pdftex.def Info: imagens/esqueceu-senha-figma.png  used on input line 516.
(pdftex.def)             Requested size: 418.24467pt x 313.51183pt.


[62 <./imagens/fauna-local-figma.png>]

LaTeX Font Warning: Font shape `T1/ptm/bc/n' undefined
(Font)              using `T1/ptm/b/n' instead on input line 521.

<imagens/prototipo-navegavel-figma.png, id=917, 1356.56813pt x 505.13719pt>
File: imagens/prototipo-navegavel-figma.png Graphic file (type png)
<use imagens/prototipo-navegavel-figma.png>
Package pdftex.def Info: imagens/prototipo-navegavel-figma.png  used on input line 533.
(pdftex.def)             Requested size: 418.25368pt x 155.73534pt.


[63 <./imagens/esqueceu-senha-figma.png>]
<imagens/itensMes.png, id=926, 687.56876pt x 458.71375pt>
File: imagens/itensMes.png Graphic file (type png)
<use imagens/itensMes.png>
Package pdftex.def Info: imagens/itensMes.png  used on input line 549.
(pdftex.def)             Requested size: 418.25368pt x 279.03804pt.


[64 <./imagens/prototipo-navegavel-figma.png>]
<imagens/burnup-jira.jpeg, id=933, 755.82375pt x 654.445pt>
File: imagens/burnup-jira.jpeg Graphic file (type jpg)
<use imagens/burnup-jira.jpeg>
Package pdftex.def Info: imagens/burnup-jira.jpeg  used on input line 560.
(pdftex.def)             Requested size: 418.25368pt x 362.15277pt.


[65 <./imagens/itensMes.png>]
<imagens/tempo-médio-cards.png, id=941, 592.2125pt x 394.47375pt>
File: imagens/tempo-médio-cards.png Graphic file (type png)
<use imagens/tempo-médio-cards.png>
Package pdftex.def Info: imagens/tempo-médio-cards.png  used on input line 571.
(pdftex.def)             Requested size: 418.25368pt x 278.60963pt.


[66 <./imagens/burnup-jira.jpeg>]

LaTeX Font Warning: Font shape `T1/ptm/bc/n' undefined
(Font)              using `T1/ptm/b/n' instead on input line 581.

(elementos-textuais/tabela-cards-jira.tex

[67 <./imagens/tempo-médio-cards.png>] [68] [69] [70])

LaTeX Font Warning: Font shape `T1/ptm/bc/n' undefined
(Font)              using `T1/ptm/b/n' instead on input line 589.

(elementos-textuais/tabela-fixes-jira.tex [71] [72] [73])

LaTeX Font Warning: Font shape `T1/ptm/bc/n' undefined
(Font)              using `T1/ptm/b/n' instead on input line 599.

(elementos-textuais/tabela-melhorias-jira.tex

[74] [75])

LaTeX Font Warning: Font shape `T1/ptm/bc/n' undefined
(Font)              using `T1/ptm/b/n' instead on input line 613.



[76]

[77]

[78]

[79]

[80]
Overfull \hbox (2.14127pt too wide) in paragraph at lines 738--738
[]|\T1/cmtt/m/n/12 animalCounter.generalCounter|  
 []


LaTeX Font Warning: Font shape `T1/ptm/bc/n' undefined
(Font)              using `T1/ptm/b/n' instead on input line 744.



[81]

pdfTeX warning: pdflatex (file ./diagrams/fluxograma_offline.pdf): PDF inclusion: found PDF version <1.7>, but at most version <1.5> allowed
<diagrams/fluxograma_offline.pdf, id=1019, 632.3625pt x 885.3075pt>
File: diagrams/fluxograma_offline.pdf Graphic file (type pdf)
<use diagrams/fluxograma_offline.pdf>
Package pdftex.def Info: diagrams/fluxograma_offline.pdf  used on input line 759.
(pdftex.def)             Requested size: 380.28885pt x 532.37357pt.


[82]

[83 <./diagrams/fluxograma_offline.pdf>]

[84]

LaTeX Font Warning: Font shape `T1/ptm/bc/n' undefined
(Font)              using `T1/ptm/b/n' instead on input line 787.

<imagens/sistema/device_frame/splashscreen.png, id=1084, 408.02437pt x 846.91406pt>
File: imagens/sistema/device_frame/splashscreen.png Graphic file (type png)
<use imagens/sistema/device_frame/splashscreen.png>
Package pdftex.def Info: imagens/sistema/device_frame/splashscreen.png  used on input line 794.
(pdftex.def)             Requested size: 209.12683pt x 434.07858pt.


[85]

LaTeX Font Warning: Font shape `T1/ptm/bc/n' undefined
(Font)              using `T1/ptm/b/n' instead on input line 799.



[86 <./imagens/sistema/device_frame/splashscreen.png (PNG copy)>]

pdfTeX warning: pdflatex (file ./diagrams/fluxograma_login-cadastro.pdf): PDF inclusion: found PDF version <1.7>, but at most version <1.5> allowed
<diagrams/fluxograma_login-cadastro.pdf, id=1095, 903.375pt x 605.26125pt>
File: diagrams/fluxograma_login-cadastro.pdf Graphic file (type pdf)
<use diagrams/fluxograma_login-cadastro.pdf>
Package pdftex.def Info: diagrams/fluxograma_login-cadastro.pdf  used on input line 807.
(pdftex.def)             Requested size: 418.25368pt x 280.2337pt.
<imagens/sistema/device_frame/login.png, id=1097, 408.02437pt x 846.91406pt>
File: imagens/sistema/device_frame/login.png Graphic file (type png)
<use imagens/sistema/device_frame/login.png>
Package pdftex.def Info: imagens/sistema/device_frame/login.png  used on input line 819.
(pdftex.def)             Requested size: 205.18839pt x 425.90245pt.

Overfull \hbox (4.42842pt too wide) in paragraph at lines 819--821
 [][] 
 []

<imagens/sistema/device_frame/formularioLogin_erro.png, id=1098, 408.02437pt x 846.91406pt>
File: imagens/sistema/device_frame/formularioLogin_erro.png Graphic file (type png)
<use imagens/sistema/device_frame/formularioLogin_erro.png>
Package pdftex.def Info: imagens/sistema/device_frame/formularioLogin_erro.png  used on input line 826.
(pdftex.def)             Requested size: 205.18839pt x 425.90245pt.

Overfull \hbox (4.42842pt too wide) in paragraph at lines 826--828
 [][] 
 []



[87 <./diagrams/fluxograma_login-cadastro.pdf>]

[88 <./imagens/sistema/device_frame/login.png (PNG copy)> <./imagens/sistema/device_frame/formularioLogin_erro.png (PNG copy)>]
<imagens/sistema/device_frame/recuperarSenha.png, id=1160, 408.02437pt x 846.91406pt>
File: imagens/sistema/device_frame/recuperarSenha.png Graphic file (type png)
<use imagens/sistema/device_frame/recuperarSenha.png>
Package pdftex.def Info: imagens/sistema/device_frame/recuperarSenha.png  used on input line 843.
(pdftex.def)             Requested size: 205.18839pt x 425.90245pt.


[89]
<imagens/sistema/device_frame/recuperarSenhaEnvio.png, id=1167, 408.02437pt x 846.91406pt>
File: imagens/sistema/device_frame/recuperarSenhaEnvio.png Graphic file (type png)
<use imagens/sistema/device_frame/recuperarSenhaEnvio.png>
Package pdftex.def Info: imagens/sistema/device_frame/recuperarSenhaEnvio.png  used on input line 853.
(pdftex.def)             Requested size: 199.48543pt x 414.06932pt.
<imagens/sistema/device_frame/emailRecSenha.png, id=1168, 408.02437pt x 846.91406pt>
File: imagens/sistema/device_frame/emailRecSenha.png Graphic file (type png)
<use imagens/sistema/device_frame/emailRecSenha.png>
Package pdftex.def Info: imagens/sistema/device_frame/emailRecSenha.png  used on input line 860.
(pdftex.def)             Requested size: 199.48543pt x 414.06932pt.


[90 <./imagens/sistema/device_frame/recuperarSenha.png (PNG copy)>]

[91 <./imagens/sistema/device_frame/recuperarSenhaEnvio.png (PNG copy)> <./imagens/sistema/device_frame/emailRecSenha.png (PNG copy)>]
<imagens/sistema/device_frame/cadastro.png, id=1182, 408.02437pt x 846.91406pt>
File: imagens/sistema/device_frame/cadastro.png Graphic file (type png)
<use imagens/sistema/device_frame/cadastro.png>
Package pdftex.def Info: imagens/sistema/device_frame/cadastro.png  used on input line 873.
(pdftex.def)             Requested size: 193.78868pt x 402.23619pt.
<imagens/sistema/device_frame/formularioCadastro_erro.png, id=1183, 408.02437pt x 846.91406pt>
File: imagens/sistema/device_frame/formularioCadastro_erro.png Graphic file (type png)
<use imagens/sistema/device_frame/formularioCadastro_erro.png>
Package pdftex.def Info: imagens/sistema/device_frame/formularioCadastro_erro.png  used on input line 880.
(pdftex.def)             Requested size: 193.78868pt x 402.23619pt.


LaTeX Font Warning: Font shape `T1/ptm/bc/n' undefined
(Font)              using `T1/ptm/b/n' instead on input line 886.



[92 <./imagens/sistema/device_frame/cadastro.png (PNG copy)> <./imagens/sistema/device_frame/formularioCadastro_erro.png (PNG copy)>]
<imagens/sistema/device_frame/menuCidadao.png, id=1189, 408.02437pt x 846.91406pt>
File: imagens/sistema/device_frame/menuCidadao.png Graphic file (type png)
<use imagens/sistema/device_frame/menuCidadao.png>
Package pdftex.def Info: imagens/sistema/device_frame/menuCidadao.png  used on input line 894.
(pdftex.def)             Requested size: 199.48543pt x 414.06932pt.
<imagens/sistema/device_frame/menuPesquisador.png, id=1190, 408.02437pt x 846.91406pt>
File: imagens/sistema/device_frame/menuPesquisador.png Graphic file (type png)
<use imagens/sistema/device_frame/menuPesquisador.png>
Package pdftex.def Info: imagens/sistema/device_frame/menuPesquisador.png  used on input line 901.
(pdftex.def)             Requested size: 199.48543pt x 414.06932pt.


[93 <./imagens/sistema/device_frame/menuCidadao.png (PNG copy)> <./imagens/sistema/device_frame/menuPesquisador.png (PNG copy)>]
<imagens/sistema/device_frame/menuPesquisadorOff.png, id=1197, 408.02437pt x 846.91406pt>
File: imagens/sistema/device_frame/menuPesquisadorOff.png Graphic file (type png)
<use imagens/sistema/device_frame/menuPesquisadorOff.png>
Package pdftex.def Info: imagens/sistema/device_frame/menuPesquisadorOff.png  used on input line 914.
(pdftex.def)             Requested size: 205.18839pt x 425.90245pt.


[94]

[95 <./imagens/sistema/device_frame/menuPesquisadorOff.png (PNG copy)>]
<imagens/sistema/device_frame/navBar.png, id=1207, 350.05782pt x 94.85437pt>
File: imagens/sistema/device_frame/navBar.png Graphic file (type png)
<use imagens/sistema/device_frame/navBar.png>
Package pdftex.def Info: imagens/sistema/device_frame/navBar.png  used on input line 928.
(pdftex.def)             Requested size: 292.77629pt x 79.33842pt.


LaTeX Font Warning: Font shape `T1/ptm/bc/n' undefined
(Font)              using `T1/ptm/b/n' instead on input line 933.



pdfTeX warning: pdflatex (file ./diagrams/fluxograma_registro_completo.pdf): PDF inclusion: found PDF version <1.7>, but at most version <1.5> allowed
<diagrams/fluxograma_registro_completo.pdf, id=1209, 605.26125pt x 884.80562pt>
File: diagrams/fluxograma_registro_completo.pdf Graphic file (type pdf)
<use diagrams/fluxograma_registro_completo.pdf>
Package pdftex.def Info: diagrams/fluxograma_registro_completo.pdf  used on input line 940.
(pdftex.def)             Requested size: 364.19391pt x 532.37357pt.


[96 <./imagens/sistema/device_frame/navBar.png (PNG copy)>]

[97 <./diagrams/fluxograma_registro_completo.pdf>]
<imagens/sistema/device_frame/seletorTipoReg.png, id=1270, 408.02437pt x 846.91406pt>
File: imagens/sistema/device_frame/seletorTipoReg.png Graphic file (type png)
<use imagens/sistema/device_frame/seletorTipoReg.png>
Package pdftex.def Info: imagens/sistema/device_frame/seletorTipoReg.png  used on input line 950.
(pdftex.def)             Requested size: 199.48543pt x 414.06932pt.


[98 <./imagens/sistema/device_frame/seletorTipoReg.png (PNG copy)>]
<imagens/sistema/device_frame/registroSimple.png, id=1277, 408.02437pt x 846.91406pt>
File: imagens/sistema/device_frame/registroSimple.png Graphic file (type png)
<use imagens/sistema/device_frame/registroSimple.png>
Package pdftex.def Info: imagens/sistema/device_frame/registroSimple.png  used on input line 962.
(pdftex.def)             Requested size: 205.18839pt x 425.90245pt.

Overfull \hbox (4.42842pt too wide) in paragraph at lines 962--964
 [][] 
 []


Underfull \hbox (badness 1609) in paragraph at lines 968--968
[][]|\T1/qtm/m/n/10.95 (+20) For-mu-l�-rio de re-gis-tro sim-ples
 []

<imagens/sistema/device_frame/formularioSimplesCompleto.png, id=1278, 408.02437pt x 846.91406pt>
File: imagens/sistema/device_frame/formularioSimplesCompleto.png Graphic file (type png)
<use imagens/sistema/device_frame/formularioSimplesCompleto.png>
Package pdftex.def Info: imagens/sistema/device_frame/formularioSimplesCompleto.png  used on input line 969.
(pdftex.def)             Requested size: 205.18839pt x 425.90245pt.

Overfull \hbox (4.42842pt too wide) in paragraph at lines 969--971
 [][] 
 []

<imagens/sistema/device_frame/regTecnico.png, id=1279, 408.02437pt x 846.91406pt>
File: imagens/sistema/device_frame/regTecnico.png Graphic file (type png)
<use imagens/sistema/device_frame/regTecnico.png>
Package pdftex.def Info: imagens/sistema/device_frame/regTecnico.png  used on input line 980.
(pdftex.def)             Requested size: 199.48543pt x 414.06932pt.
<imagens/sistema/device_frame/regTecnico2.png, id=1280, 408.02437pt x 846.91406pt>
File: imagens/sistema/device_frame/regTecnico2.png Graphic file (type png)
<use imagens/sistema/device_frame/regTecnico2.png>
Package pdftex.def Info: imagens/sistema/device_frame/regTecnico2.png  used on input line 986.
(pdftex.def)             Requested size: 199.48543pt x 414.06932pt.


[99 <./imagens/sistema/device_frame/registroSimple.png (PNG copy)> <./imagens/sistema/device_frame/formularioSimplesCompleto.png (PNG copy)>]

[100 <./imagens/sistema/device_frame/regTecnico.png (PNG copy)> <./imagens/sistema/device_frame/regTecnico2.png (PNG copy)>]
<imagens/sistema/device_frame/bottomsheetDicaImagem.png, id=1291, 408.02437pt x 846.91406pt>
File: imagens/sistema/device_frame/bottomsheetDicaImagem.png Graphic file (type png)
<use imagens/sistema/device_frame/bottomsheetDicaImagem.png>
Package pdftex.def Info: imagens/sistema/device_frame/bottomsheetDicaImagem.png  used on input line 999.
(pdftex.def)             Requested size: 205.18839pt x 425.90245pt.


[101]

[102 <./imagens/sistema/device_frame/bottomsheetDicaImagem.png (PNG copy)>]
<imagens/sistema/device_frame/envioImagem.png, id=1302, 408.02437pt x 846.91406pt>
File: imagens/sistema/device_frame/envioImagem.png Graphic file (type png)
<use imagens/sistema/device_frame/envioImagem.png>
Package pdftex.def Info: imagens/sistema/device_frame/envioImagem.png  used on input line 1011.
(pdftex.def)             Requested size: 205.18839pt x 425.90245pt.

Overfull \hbox (4.42842pt too wide) in paragraph at lines 1011--1013
 [][] 
 []

<imagens/sistema/device_frame/editarImagem.png, id=1303, 408.02437pt x 846.91406pt>
File: imagens/sistema/device_frame/editarImagem.png Graphic file (type png)
<use imagens/sistema/device_frame/editarImagem.png>
Package pdftex.def Info: imagens/sistema/device_frame/editarImagem.png  used on input line 1018.
(pdftex.def)             Requested size: 205.18839pt x 425.90245pt.

Overfull \hbox (4.42842pt too wide) in paragraph at lines 1018--1020
 [][] 
 []



[103 <./imagens/sistema/device_frame/envioImagem.png (PNG copy)> <./imagens/sistema/device_frame/editarImagem.png (PNG copy)>]
<imagens/sistema/device_frame/bottomsheetLocal.png, id=1310, 408.02437pt x 846.91406pt>
File: imagens/sistema/device_frame/bottomsheetLocal.png Graphic file (type png)
<use imagens/sistema/device_frame/bottomsheetLocal.png>
Package pdftex.def Info: imagens/sistema/device_frame/bottomsheetLocal.png  used on input line 1035.
(pdftex.def)             Requested size: 205.18839pt x 425.90245pt.

Overfull \hbox (4.42842pt too wide) in paragraph at lines 1035--1037
 [][] 
 []

<imagens/sistema/device_frame/bottomsheetEncalhe.png, id=1311, 408.02437pt x 846.91406pt>
File: imagens/sistema/device_frame/bottomsheetEncalhe.png Graphic file (type png)
<use imagens/sistema/device_frame/bottomsheetEncalhe.png>
Package pdftex.def Info: imagens/sistema/device_frame/bottomsheetEncalhe.png  used on input line 1042.
(pdftex.def)             Requested size: 205.18839pt x 425.90245pt.

Overfull \hbox (4.42842pt too wide) in paragraph at lines 1042--1044
 [][] 
 []



[104]

[105 <./imagens/sistema/device_frame/bottomsheetLocal.png (PNG copy)> <./imagens/sistema/device_frame/bottomsheetEncalhe.png (PNG copy)>]
<imagens/sistema/device_frame/seletorBusca.png, id=1323, 408.02437pt x 846.91406pt>
File: imagens/sistema/device_frame/seletorBusca.png Graphic file (type png)
<use imagens/sistema/device_frame/seletorBusca.png>
Package pdftex.def Info: imagens/sistema/device_frame/seletorBusca.png  used on input line 1056.
(pdftex.def)             Requested size: 205.18839pt x 425.90245pt.

Overfull \hbox (4.42842pt too wide) in paragraph at lines 1056--1058
 [][] 
 []

<imagens/sistema/device_frame/seletorBusca2.png, id=1324, 408.02437pt x 846.91406pt>
File: imagens/sistema/device_frame/seletorBusca2.png Graphic file (type png)
<use imagens/sistema/device_frame/seletorBusca2.png>
Package pdftex.def Info: imagens/sistema/device_frame/seletorBusca2.png  used on input line 1063.
(pdftex.def)             Requested size: 205.18839pt x 425.90245pt.

Overfull \hbox (4.42842pt too wide) in paragraph at lines 1063--1065
 [][] 
 []



[106]

[107 <./imagens/sistema/device_frame/seletorBusca.png (PNG copy)> <./imagens/sistema/device_frame/seletorBusca2.png (PNG copy)>]
<imagens/sistema/device_frame/erroFormularioSimples.png, id=1334, 408.02437pt x 846.91406pt>
File: imagens/sistema/device_frame/erroFormularioSimples.png Graphic file (type png)
<use imagens/sistema/device_frame/erroFormularioSimples.png>
Package pdftex.def Info: imagens/sistema/device_frame/erroFormularioSimples.png  used on input line 1080.
(pdftex.def)             Requested size: 205.18839pt x 425.90245pt.

Overfull \hbox (4.42842pt too wide) in paragraph at lines 1080--1082
 [][] 
 []

<imagens/sistema/device_frame/erroFormularioSimplesHora.png, id=1335, 408.02437pt x 846.91406pt>
File: imagens/sistema/device_frame/erroFormularioSimplesHora.png Graphic file (type png)
<use imagens/sistema/device_frame/erroFormularioSimplesHora.png>
Package pdftex.def Info: imagens/sistema/device_frame/erroFormularioSimplesHora.png  used on input line 1086.
(pdftex.def)             Requested size: 205.18839pt x 425.90245pt.

Overfull \hbox (4.42842pt too wide) in paragraph at lines 1086--1088
 [][] 
 []



[108]

[109 <./imagens/sistema/device_frame/erroFormularioSimples.png (PNG copy)> <./imagens/sistema/device_frame/erroFormularioSimplesHora.png (PNG copy)>]

LaTeX Font Warning: Font shape `T1/ptm/bc/n' undefined
(Font)              using `T1/ptm/b/n' instead on input line 1098.

<imagens/sistema/device_frame/meusregistrosTodos.png, id=1348, 408.02437pt x 846.91406pt>
File: imagens/sistema/device_frame/meusregistrosTodos.png Graphic file (type png)
<use imagens/sistema/device_frame/meusregistrosTodos.png>
Package pdftex.def Info: imagens/sistema/device_frame/meusregistrosTodos.png  used on input line 1107.
(pdftex.def)             Requested size: 205.18839pt x 425.90245pt.


[110]

[111 <./imagens/sistema/device_frame/meusregistrosTodos.png (PNG copy)>]
<imagens/sistema/device_frame/responsividade.png, id=1360, 283.0575pt x 64.74188pt>
File: imagens/sistema/device_frame/responsividade.png Graphic file (type png)
<use imagens/sistema/device_frame/responsividade.png>
Package pdftex.def Info: imagens/sistema/device_frame/responsividade.png  used on input line 1121.
(pdftex.def)             Requested size: 292.77629pt x 66.97037pt.
<imagens/sistema/device_frame/meusregistrosValidado.png, id=1361, 408.02437pt x 846.91406pt>
File: imagens/sistema/device_frame/meusregistrosValidado.png Graphic file (type png)
<use imagens/sistema/device_frame/meusregistrosValidado.png>
Package pdftex.def Info: imagens/sistema/device_frame/meusregistrosValidado.png  used on input line 1131.
(pdftex.def)             Requested size: 205.18839pt x 425.90245pt.

Overfull \hbox (16.97551pt too wide) in paragraph at lines 1131--1133
 [][] 
 []

<imagens/sistema/device_frame/meusregistrosEnviado.png, id=1362, 408.02437pt x 846.91406pt>
File: imagens/sistema/device_frame/meusregistrosEnviado.png Graphic file (type png)
<use imagens/sistema/device_frame/meusregistrosEnviado.png>
Package pdftex.def Info: imagens/sistema/device_frame/meusregistrosEnviado.png  used on input line 1138.
(pdftex.def)             Requested size: 205.18839pt x 425.90245pt.

Overfull \hbox (16.97551pt too wide) in paragraph at lines 1138--1140
 [][] 
 []



[112 <./imagens/sistema/device_frame/responsividade.png (PNG copy)>]

[113 <./imagens/sistema/device_frame/meusregistrosValidado.png (PNG copy)> <./imagens/sistema/device_frame/meusregistrosEnviado.png (PNG copy)>]
Underfull \hbox (badness 1062) in paragraph at lines 1155--1155
[][]|\T1/qtm/m/n/10.95 (+20) Tela de ``De-ta-lhes do Re-gis-tro''
 []

<imagens/sistema/device_frame/registroSimplesDetail.png, id=1375, 408.02437pt x 846.91406pt>
File: imagens/sistema/device_frame/registroSimplesDetail.png Graphic file (type png)
<use imagens/sistema/device_frame/registroSimplesDetail.png>
Package pdftex.def Info: imagens/sistema/device_frame/registroSimplesDetail.png  used on input line 1156.
(pdftex.def)             Requested size: 205.18839pt x 425.90245pt.

Overfull \hbox (4.42842pt too wide) in paragraph at lines 1156--1158
 [][] 
 []

<imagens/sistema/device_frame/golfinhoView.png, id=1376, 408.02437pt x 846.91406pt>
File: imagens/sistema/device_frame/golfinhoView.png Graphic file (type png)
<use imagens/sistema/device_frame/golfinhoView.png>
Package pdftex.def Info: imagens/sistema/device_frame/golfinhoView.png  used on input line 1163.
(pdftex.def)             Requested size: 205.18839pt x 425.90245pt.

Overfull \hbox (4.42842pt too wide) in paragraph at lines 1163--1165
 [][] 
 []



[114]
<imagens/sistema/device_frame/registerView.png, id=1382, 408.02437pt x 846.91406pt>
File: imagens/sistema/device_frame/registerView.png Graphic file (type png)
<use imagens/sistema/device_frame/registerView.png>
Package pdftex.def Info: imagens/sistema/device_frame/registerView.png  used on input line 1174.
(pdftex.def)             Requested size: 205.18839pt x 425.90245pt.

Overfull \hbox (4.42842pt too wide) in paragraph at lines 1174--1176
 [][] 
 []

<imagens/sistema/device_frame/registerView2.png, id=1383, 408.02437pt x 846.91406pt>
File: imagens/sistema/device_frame/registerView2.png Graphic file (type png)
<use imagens/sistema/device_frame/registerView2.png>
Package pdftex.def Info: imagens/sistema/device_frame/registerView2.png  used on input line 1180.
(pdftex.def)             Requested size: 205.18839pt x 425.90245pt.

Overfull \hbox (4.42842pt too wide) in paragraph at lines 1180--1182
 [][] 
 []



[115 <./imagens/sistema/device_frame/registroSimplesDetail.png (PNG copy)> <./imagens/sistema/device_frame/golfinhoView.png (PNG copy)>]
<imagens/sistema/device_frame/grausDecomp.png, id=1389, 155.07938pt x 140.77594pt>
File: imagens/sistema/device_frame/grausDecomp.png Graphic file (type png)
<use imagens/sistema/device_frame/grausDecomp.png>
Package pdftex.def Info: imagens/sistema/device_frame/grausDecomp.png  used on input line 1191.
(pdftex.def)             Requested size: 195.50514pt x 177.46086pt.


[116 <./imagens/sistema/device_frame/registerView.png (PNG copy)> <./imagens/sistema/device_frame/registerView2.png (PNG copy)>]

LaTeX Font Warning: Font shape `T1/ptm/bc/n' undefined
(Font)              using `T1/ptm/b/n' instead on input line 1196.



pdfTeX warning: pdflatex (file ./diagrams/fluxograma_avaliar_registro2.pdf): PDF inclusion: found PDF version <1.7>, but at most version <1.5> allowed
<diagrams/fluxograma_avaliar_registro2.pdf, id=1395, 659.46375pt x 921.4425pt>
File: diagrams/fluxograma_avaliar_registro2.pdf Graphic file (type pdf)
<use diagrams/fluxograma_avaliar_registro2.pdf>
Package pdftex.def Info: diagrams/fluxograma_avaliar_registro2.pdf  used on input line 1203.
(pdftex.def)             Requested size: 381.01004pt x 532.37357pt.


[117 <./imagens/sistema/device_frame/grausDecomp.png (PNG copy)>]

[118 <./diagrams/fluxograma_avaliar_registro2.pdf>]
<imagens/sistema/device_frame/registrosPendentes.png, id=1458, 408.02437pt x 846.91406pt>
File: imagens/sistema/device_frame/registrosPendentes.png Graphic file (type png)
<use imagens/sistema/device_frame/registrosPendentes.png>
Package pdftex.def Info: imagens/sistema/device_frame/registrosPendentes.png  used on input line 1215.
(pdftex.def)             Requested size: 205.18839pt x 425.90245pt.


[119]

[120 <./imagens/sistema/device_frame/registrosPendentes.png (PNG copy)>]

[121]
<imagens/sistema/device_frame/avaliarRegistroTécnico.png, id=1473, 408.02437pt x 846.91406pt>
File: imagens/sistema/device_frame/avaliarRegistroTécnico.png Graphic file (type png)
<use imagens/sistema/device_frame/avaliarRegistroTécnico.png>
Package pdftex.def Info: imagens/sistema/device_frame/avaliarRegistroTécnico.png  used on input line 1235.
(pdftex.def)             Requested size: 205.18839pt x 425.90245pt.

Overfull \hbox (4.42842pt too wide) in paragraph at lines 1235--1237
 [][] 
 []

<imagens/sistema/device_frame/avaliarRegistroTécnico2.png, id=1474, 408.02437pt x 846.91406pt>
File: imagens/sistema/device_frame/avaliarRegistroTécnico2.png Graphic file (type png)
<use imagens/sistema/device_frame/avaliarRegistroTécnico2.png>
Package pdftex.def Info: imagens/sistema/device_frame/avaliarRegistroTécnico2.png  used on input line 1241.
(pdftex.def)             Requested size: 205.18839pt x 425.90245pt.

Overfull \hbox (4.42842pt too wide) in paragraph at lines 1241--1243
 [][] 
 []


LaTeX Font Warning: Font shape `T1/ptm/bc/n' undefined
(Font)              using `T1/ptm/b/n' instead on input line 1247.



[122 <./imagens/sistema/device_frame/avaliarRegistroTécnico.png (PNG copy)> <./imagens/sistema/device_frame/avaliarRegistroTécnico2.png (PNG copy)>]
<imagens/sistema/device_frame/ultimosReg_perfil.png, id=1481, 408.02437pt x 846.91406pt>
File: imagens/sistema/device_frame/ultimosReg_perfil.png Graphic file (type png)
<use imagens/sistema/device_frame/ultimosReg_perfil.png>
Package pdftex.def Info: imagens/sistema/device_frame/ultimosReg_perfil.png  used on input line 1256.
(pdftex.def)             Requested size: 205.18839pt x 425.90245pt.

Overfull \hbox (4.42842pt too wide) in paragraph at lines 1256--1258
 [][] 
 []

<imagens/sistema/device_frame/gerenciarConta.png, id=1482, 408.02437pt x 846.91406pt>
File: imagens/sistema/device_frame/gerenciarConta.png Graphic file (type png)
<use imagens/sistema/device_frame/gerenciarConta.png>
Package pdftex.def Info: imagens/sistema/device_frame/gerenciarConta.png  used on input line 1263.
(pdftex.def)             Requested size: 205.18839pt x 425.90245pt.

Overfull \hbox (4.42842pt too wide) in paragraph at lines 1263--1265
 [][] 
 []



[123 <./imagens/sistema/device_frame/ultimosReg_perfil.png (PNG copy)> <./imagens/sistema/device_frame/gerenciarConta.png (PNG copy)>]
<imagens/sistema/device_frame/updateConta.png, id=1489, 408.02437pt x 846.91406pt>
File: imagens/sistema/device_frame/updateConta.png Graphic file (type png)
<use imagens/sistema/device_frame/updateConta.png>
Package pdftex.def Info: imagens/sistema/device_frame/updateConta.png  used on input line 1281.
(pdftex.def)             Requested size: 205.18839pt x 425.90245pt.


[124]
<imagens/sistema/device_frame/confirmarExclusao.png, id=1494, 408.02437pt x 846.91406pt>
File: imagens/sistema/device_frame/confirmarExclusao.png Graphic file (type png)
<use imagens/sistema/device_frame/confirmarExclusao.png>
Package pdftex.def Info: imagens/sistema/device_frame/confirmarExclusao.png  used on input line 1289.
(pdftex.def)             Requested size: 205.18839pt x 425.90245pt.


[125 <./imagens/sistema/device_frame/updateConta.png (PNG copy)>]

[126 <./imagens/sistema/device_frame/confirmarExclusao.png (PNG copy)>]
<imagens/sistema/device_frame/conquistas_perfil.png, id=1507, 408.02437pt x 846.91406pt>
File: imagens/sistema/device_frame/conquistas_perfil.png Graphic file (type png)
<use imagens/sistema/device_frame/conquistas_perfil.png>
Package pdftex.def Info: imagens/sistema/device_frame/conquistas_perfil.png  used on input line 1307.
(pdftex.def)             Requested size: 205.18839pt x 425.90245pt.

Overfull \hbox (4.42842pt too wide) in paragraph at lines 1307--1309
 [][] 
 []

<imagens/sistema/device_frame/conquistaSecreta_perfil.png, id=1508, 408.02437pt x 846.91406pt>
File: imagens/sistema/device_frame/conquistaSecreta_perfil.png Graphic file (type png)
<use imagens/sistema/device_frame/conquistaSecreta_perfil.png>
Package pdftex.def Info: imagens/sistema/device_frame/conquistaSecreta_perfil.png  used on input line 1313.
(pdftex.def)             Requested size: 205.18839pt x 425.90245pt.

Overfull \hbox (4.42842pt too wide) in paragraph at lines 1313--1315
 [][] 
 []



[127]

[128 <./imagens/sistema/device_frame/conquistas_perfil.png (PNG copy)> <./imagens/sistema/device_frame/conquistaSecreta_perfil.png (PNG copy)>]
<imagens/badges.png, id=1518, 684.30656pt x 846.16125pt>
File: imagens/badges.png Graphic file (type png)
<use imagens/badges.png>
Package pdftex.def Info: imagens/badges.png  used on input line 1324.
(pdftex.def)             Requested size: 344.42871pt x 425.90245pt.


[129]

LaTeX Font Warning: Font shape `T1/ptm/bc/n' undefined
(Font)              using `T1/ptm/b/n' instead on input line 1329.



[130 <./imagens/badges.png (PNG copy)>]
<imagens/sistema/device_frame/mapa_painelReg.png, id=1531, 408.02437pt x 846.91406pt>
File: imagens/sistema/device_frame/mapa_painelReg.png Graphic file (type png)
<use imagens/sistema/device_frame/mapa_painelReg.png>
Package pdftex.def Info: imagens/sistema/device_frame/mapa_painelReg.png  used on input line 1342.
(pdftex.def)             Requested size: 205.18839pt x 425.90245pt.

Overfull \hbox (4.42842pt too wide) in paragraph at lines 1342--1344
 [][] 
 []

<imagens/sistema/device_frame/rankingEspecies_painelReg.png, id=1532, 408.02437pt x 846.91406pt>
File: imagens/sistema/device_frame/rankingEspecies_painelReg.png Graphic file (type png)
<use imagens/sistema/device_frame/rankingEspecies_painelReg.png>
Package pdftex.def Info: imagens/sistema/device_frame/rankingEspecies_painelReg.png  used on input line 1349.
(pdftex.def)             Requested size: 205.18839pt x 425.90245pt.

Overfull \hbox (4.42842pt too wide) in paragraph at lines 1349--1351
 [][] 
 []



[131]
<imagens/sistema/device_frame/buscarEspecie_painelReg.png, id=1537, 408.02437pt x 846.91406pt>
File: imagens/sistema/device_frame/buscarEspecie_painelReg.png Graphic file (type png)
<use imagens/sistema/device_frame/buscarEspecie_painelReg.png>
Package pdftex.def Info: imagens/sistema/device_frame/buscarEspecie_painelReg.png  used on input line 1360.
(pdftex.def)             Requested size: 205.18839pt x 425.90245pt.

Overfull \hbox (4.42842pt too wide) in paragraph at lines 1360--1362
 [][] 
 []

<imagens/sistema/device_frame/graficoBarra_painelReg.png, id=1538, 408.02437pt x 846.91406pt>
File: imagens/sistema/device_frame/graficoBarra_painelReg.png Graphic file (type png)
<use imagens/sistema/device_frame/graficoBarra_painelReg.png>
Package pdftex.def Info: imagens/sistema/device_frame/graficoBarra_painelReg.png  used on input line 1367.
(pdftex.def)             Requested size: 205.18839pt x 425.90245pt.

Overfull \hbox (4.42842pt too wide) in paragraph at lines 1367--1369
 [][] 
 []



[132 <./imagens/sistema/device_frame/mapa_painelReg.png (PNG copy)> <./imagens/sistema/device_frame/rankingEspecies_painelReg.png (PNG copy)>]

[133 <./imagens/sistema/device_frame/buscarEspecie_painelReg.png (PNG copy)> <./imagens/sistema/device_frame/graficoBarra_painelReg.png (PNG copy)>]
<imagens/sistema/device_frame/exportarTabela_painelReg.png, id=1550, 408.02437pt x 846.91406pt>
File: imagens/sistema/device_frame/exportarTabela_painelReg.png Graphic file (type png)
<use imagens/sistema/device_frame/exportarTabela_painelReg.png>
Package pdftex.def Info: imagens/sistema/device_frame/exportarTabela_painelReg.png  used on input line 1378.
(pdftex.def)             Requested size: 205.18839pt x 425.90245pt.


[134]

LaTeX Font Warning: Font shape `T1/ptm/bc/n' undefined
(Font)              using `T1/ptm/b/n' instead on input line 1383.



[135 <./imagens/sistema/device_frame/exportarTabela_painelReg.png (PNG copy)>]
<imagens/sistema/device_frame/cadastrarPesq.png, id=1561, 408.02437pt x 846.91406pt>
File: imagens/sistema/device_frame/cadastrarPesq.png Graphic file (type png)
<use imagens/sistema/device_frame/cadastrarPesq.png>
Package pdftex.def Info: imagens/sistema/device_frame/cadastrarPesq.png  used on input line 1392.
(pdftex.def)             Requested size: 199.48543pt x 414.06932pt.


pdfTeX warning: pdflatex (file ./diagrams/fluxograma_adicionar_pesq.pdf): PDF inclusion: found PDF version <1.7>, but at most version <1.5> allowed
<diagrams/fluxograma_adicionar_pesq.pdf, id=1562, 542.025pt x 975.645pt>
File: diagrams/fluxograma_adicionar_pesq.pdf Graphic file (type pdf)
<use diagrams/fluxograma_adicionar_pesq.pdf>
Package pdftex.def Info: diagrams/fluxograma_adicionar_pesq.pdf  used on input line 1400.
(pdftex.def)             Requested size: 295.76581pt x 532.37357pt.


[136 <./imagens/sistema/device_frame/cadastrarPesq.png (PNG copy)>]

[137 <./diagrams/fluxograma_adicionar_pesq.pdf>]
<imagens/sistema/device_frame/cadastrarPesqSucesso.png, id=1604, 408.02437pt x 846.91406pt>
File: imagens/sistema/device_frame/cadastrarPesqSucesso.png Graphic file (type png)
<use imagens/sistema/device_frame/cadastrarPesqSucesso.png>
Package pdftex.def Info: imagens/sistema/device_frame/cadastrarPesqSucesso.png  used on input line 1416.
(pdftex.def)             Requested size: 205.18839pt x 425.90245pt.

Overfull \hbox (4.42842pt too wide) in paragraph at lines 1416--1418
 [][] 
 []

<imagens/sistema/device_frame/cadastrarPesqJaExistente.png, id=1605, 408.02437pt x 846.91406pt>
File: imagens/sistema/device_frame/cadastrarPesqJaExistente.png Graphic file (type png)
<use imagens/sistema/device_frame/cadastrarPesqJaExistente.png>
Package pdftex.def Info: imagens/sistema/device_frame/cadastrarPesqJaExistente.png  used on input line 1423.
(pdftex.def)             Requested size: 205.18839pt x 425.90245pt.

Overfull \hbox (4.42842pt too wide) in paragraph at lines 1423--1425
 [][] 
 []



[138]

LaTeX Font Warning: Font shape `T1/ptm/bc/n' undefined
(Font)              using `T1/ptm/b/n' instead on input line 1429.



[139 <./imagens/sistema/device_frame/cadastrarPesqSucesso.png (PNG copy)> <./imagens/sistema/device_frame/cadastrarPesqJaExistente.png (PNG copy)>]
<imagens/sistema/device_frame/faunaLocal.png, id=1616, 408.02437pt x 846.91406pt>
File: imagens/sistema/device_frame/faunaLocal.png Graphic file (type png)
<use imagens/sistema/device_frame/faunaLocal.png>
Package pdftex.def Info: imagens/sistema/device_frame/faunaLocal.png  used on input line 1436.
(pdftex.def)             Requested size: 199.48543pt x 414.06932pt.


LaTeX Font Warning: Font shape `T1/ptm/bc/n' undefined
(Font)              using `T1/ptm/b/n' instead on input line 1441.

<imagens/sistema/device_frame/sobre_app.png, id=1617, 408.02437pt x 846.91406pt>
File: imagens/sistema/device_frame/sobre_app.png Graphic file (type png)
<use imagens/sistema/device_frame/sobre_app.png>
Package pdftex.def Info: imagens/sistema/device_frame/sobre_app.png  used on input line 1446.
(pdftex.def)             Requested size: 199.48543pt x 414.06932pt.


[140 <./imagens/sistema/device_frame/faunaLocal.png (PNG copy)>]

[141 <./imagens/sistema/device_frame/sobre_app.png (PNG copy)>]

LaTeX Font Warning: Font shape `T1/ptm/bc/n' undefined
(Font)              using `T1/ptm/b/n' instead on input line 1456.



[142]
<imagens/testadores.png, id=1634, 708.246pt x 83.71275pt>
File: imagens/testadores.png Graphic file (type png)
<use imagens/testadores.png>
Package pdftex.def Info: imagens/testadores.png  used on input line 1475.
(pdftex.def)             Requested size: 376.42575pt x 44.49399pt.

Overfull \hbox (31.1703pt too wide) in paragraph at lines 1483--1498
 [][] 
 []


LaTeX Warning: `!h' float specifier changed to `!ht'.


LaTeX Font Warning: Font shape `T1/ptm/bc/n' undefined
(Font)              using `T1/ptm/b/n' instead on input line 1503.



[143 <./imagens/testadores.png>]
<imagens/versionamento.png, id=1643, 890.5772pt x 532.23843pt>
File: imagens/versionamento.png Graphic file (type png)
<use imagens/versionamento.png>
Package pdftex.def Info: imagens/versionamento.png  used on input line 1515.
(pdftex.def)             Requested size: 376.42575pt x 224.95984pt.
)

[144]

[145 <./imagens/versionamento.png>]
\openout2 = `elementos-textuais/conclusao.aux'.

 (elementos-textuais/conclusao.tex

LaTeX Font Warning: Font shape `T1/ptm/bc/n' undefined
(Font)              using `T1/ptm/b/n' instead on input line 1.


LaTeX Font Warning: Font shape `T1/ptm/bc/n' undefined
(Font)              using `T1/ptm/b/n' instead on input line 1.


LaTeX Font Warning: Font shape `T1/ptm/bc/n' undefined
(Font)              using `T1/ptm/b/n' instead on input line 1.


LaTeX Font Warning: Font shape `T1/ptm/bc/n' undefined
(Font)              using `T1/ptm/b/n' instead on input line 1.


LaTeX Font Warning: Font shape `T1/ptm/bc/n' undefined
(Font)              using `T1/ptm/b/n' instead on input line 1.



[146




]

[147])

[148] (abntex2-modelo-ifrs-osorio-ads-tcc.bbl (abntex2-modelo-ifrs-osorio-ads-tcc.brf)
\tf@brf=\write6
\openout6 = `abntex2-modelo-ifrs-osorio-ads-tcc.brf'.



LaTeX Font Warning: Font shape `T1/ptm/bc/n' undefined
(Font)              using `T1/ptm/b/n' instead on input line 3.

bibitemlist


[149



]

[150]

[151])

[152]
\openout2 = `elementos-pos-textuais/apendices/apendice-b.aux'.

 (elementos-pos-textuais/apendices/apendice-b.tex

LaTeX Font Warning: Font shape `T1/ptm/bc/n' undefined
(Font)              using `T1/ptm/b/n' instead on input line 2.


LaTeX Font Warning: Font shape `T1/ptm/bc/n' undefined
(Font)              using `T1/ptm/b/n' instead on input line 2.


LaTeX Font Warning: Font shape `T1/ptm/bc/n' undefined
(Font)              using `T1/ptm/b/n' instead on input line 2.


LaTeX Font Warning: Font shape `T1/ptm/bc/n' undefined
(Font)              using `T1/ptm/b/n' instead on input line 2.


LaTeX Font Warning: Font shape `T1/ptm/bc/n' undefined
(Font)              using `T1/ptm/b/n' instead on input line 2.



pdfTeX warning: pdflatex (file ./diagrams/Diagrama de caso de uso (1).pdf): PDF inclusion: found PDF version <1.7>, but at most version <1.5> allowed
<diagrams/Diagrama de caso de uso (1).pdf, id=1793, 593.51736pt x 1196.47pt>
File: diagrams/Diagrama de caso de uso (1).pdf Graphic file (type pdf)
<use diagrams/Diagrama de caso de uso (1).pdf>
Package pdftex.def Info: diagrams/Diagrama de caso de uso (1).pdf  used on input line 12.
(pdftex.def)             Requested size: 334.60422pt x 674.52803pt.

LaTeX Warning: Float too large for page by 124.69781pt on input line 16.

)

[153


]

[154 <./diagrams/Diagrama de caso de uso (1).pdf>]
\openout2 = `elementos-pos-textuais/apendices/apendice-a.aux'.

 (elementos-pos-textuais/apendices/apendice-a.tex

LaTeX Font Warning: Font shape `T1/ptm/bc/n' undefined
(Font)              using `T1/ptm/b/n' instead on input line 2.


LaTeX Font Warning: Font shape `T1/ptm/bc/n' undefined
(Font)              using `T1/ptm/b/n' instead on input line 2.


LaTeX Font Warning: Font shape `T1/ptm/bc/n' undefined
(Font)              using `T1/ptm/b/n' instead on input line 2.


LaTeX Font Warning: Font shape `T1/ptm/bc/n' undefined
(Font)              using `T1/ptm/b/n' instead on input line 2.


LaTeX Font Warning: Font shape `T1/ptm/bc/n' undefined
(Font)              using `T1/ptm/b/n' instead on input line 2.

<imagens/dados_fauna_marinhaPesquisador.pdf, id=1912, 845.1575pt x 597.23125pt>
File: imagens/dados_fauna_marinhaPesquisador.pdf Graphic file (type pdf)
<use imagens/dados_fauna_marinhaPesquisador.pdf>
Package pdftex.def Info: imagens/dados_fauna_marinhaPesquisador.pdf  used on input line 7.
(pdftex.def)             Requested size: 845.15544pt x 597.22978pt.
<imagens/dados_fauna_marinhaPesquisador.pdf, id=1914, page=1, 845.1575pt x 597.23125pt>
File: imagens/dados_fauna_marinhaPesquisador.pdf Graphic file (type pdf)
<use imagens/dados_fauna_marinhaPesquisador.pdf, page 1>
Package pdftex.def Info: imagens/dados_fauna_marinhaPesquisador.pdf , page1 used on input line 7.
(pdftex.def)             Requested size: 845.15544pt x 597.22978pt.
File: imagens/dados_fauna_marinhaPesquisador.pdf Graphic file (type pdf)
<use imagens/dados_fauna_marinhaPesquisador.pdf, page 1>
Package pdftex.def Info: imagens/dados_fauna_marinhaPesquisador.pdf , page1 used on input line 7.
(pdftex.def)             Requested size: 845.31018pt x 597.33913pt.


[155




]
File: imagens/dados_fauna_marinhaPesquisador.pdf Graphic file (type pdf)
<use imagens/dados_fauna_marinhaPesquisador.pdf, page 1>
Package pdftex.def Info: imagens/dados_fauna_marinhaPesquisador.pdf , page1 used on input line 7.
(pdftex.def)             Requested size: 845.31018pt x 597.33913pt.
File: imagens/dados_fauna_marinhaPesquisador.pdf Graphic file (type pdf)
<use imagens/dados_fauna_marinhaPesquisador.pdf, page 1>
Package pdftex.def Info: imagens/dados_fauna_marinhaPesquisador.pdf , page1 used on input line 7.
(pdftex.def)             Requested size: 845.31018pt x 597.33913pt.


File: imagens/dados_fauna_marinhaPesquisador.pdf Graphic file (type pdf)
<use imagens/dados_fauna_marinhaPesquisador.pdf, page 1>
Package pdftex.def Info: imagens/dados_fauna_marinhaPesquisador.pdf , page1 used on input line 7.
(pdftex.def)             Requested size: 845.31018pt x 597.33913pt.
[156

 <./imagens/dados_fauna_marinhaPesquisador.pdf>]
<imagens/dados_fauna_marinhaPesquisador.pdf, id=1941, page=2, 845.1575pt x 597.23125pt>
File: imagens/dados_fauna_marinhaPesquisador.pdf Graphic file (type pdf)
<use imagens/dados_fauna_marinhaPesquisador.pdf, page 2>
Package pdftex.def Info: imagens/dados_fauna_marinhaPesquisador.pdf , page2 used on input line 7.
(pdftex.def)             Requested size: 845.31018pt x 597.33913pt.
File: imagens/dados_fauna_marinhaPesquisador.pdf Graphic file (type pdf)
<use imagens/dados_fauna_marinhaPesquisador.pdf, page 2>
Package pdftex.def Info: imagens/dados_fauna_marinhaPesquisador.pdf , page2 used on input line 7.
(pdftex.def)             Requested size: 845.31018pt x 597.33913pt.


File: imagens/dados_fauna_marinhaPesquisador.pdf Graphic file (type pdf)
<use imagens/dados_fauna_marinhaPesquisador.pdf, page 2>
Package pdftex.def Info: imagens/dados_fauna_marinhaPesquisador.pdf , page2 used on input line 7.
(pdftex.def)             Requested size: 845.31018pt x 597.33913pt.
[157

 <./imagens/dados_fauna_marinhaPesquisador.pdf>]
<imagens/dados_fauna_marinhaPesquisador.pdf, id=1947, page=3, 845.1575pt x 597.23125pt>
File: imagens/dados_fauna_marinhaPesquisador.pdf Graphic file (type pdf)
<use imagens/dados_fauna_marinhaPesquisador.pdf, page 3>
Package pdftex.def Info: imagens/dados_fauna_marinhaPesquisador.pdf , page3 used on input line 7.
(pdftex.def)             Requested size: 845.31018pt x 597.33913pt.
File: imagens/dados_fauna_marinhaPesquisador.pdf Graphic file (type pdf)
<use imagens/dados_fauna_marinhaPesquisador.pdf, page 3>
Package pdftex.def Info: imagens/dados_fauna_marinhaPesquisador.pdf , page3 used on input line 7.
(pdftex.def)             Requested size: 845.31018pt x 597.33913pt.


File: imagens/dados_fauna_marinhaPesquisador.pdf Graphic file (type pdf)
<use imagens/dados_fauna_marinhaPesquisador.pdf, page 3>
Package pdftex.def Info: imagens/dados_fauna_marinhaPesquisador.pdf , page3 used on input line 7.
(pdftex.def)             Requested size: 845.31018pt x 597.33913pt.
[158

 <./imagens/dados_fauna_marinhaPesquisador.pdf>]
<imagens/dados_fauna_marinhaPesquisador.pdf, id=1953, page=4, 845.1575pt x 597.23125pt>
File: imagens/dados_fauna_marinhaPesquisador.pdf Graphic file (type pdf)
<use imagens/dados_fauna_marinhaPesquisador.pdf, page 4>
Package pdftex.def Info: imagens/dados_fauna_marinhaPesquisador.pdf , page4 used on input line 7.
(pdftex.def)             Requested size: 845.31018pt x 597.33913pt.
File: imagens/dados_fauna_marinhaPesquisador.pdf Graphic file (type pdf)
<use imagens/dados_fauna_marinhaPesquisador.pdf, page 4>
Package pdftex.def Info: imagens/dados_fauna_marinhaPesquisador.pdf , page4 used on input line 7.
(pdftex.def)             Requested size: 845.31018pt x 597.33913pt.


File: imagens/dados_fauna_marinhaPesquisador.pdf Graphic file (type pdf)
<use imagens/dados_fauna_marinhaPesquisador.pdf, page 4>
Package pdftex.def Info: imagens/dados_fauna_marinhaPesquisador.pdf , page4 used on input line 7.
(pdftex.def)             Requested size: 845.31018pt x 597.33913pt.
[159

 <./imagens/dados_fauna_marinhaPesquisador.pdf>]
<imagens/dados_fauna_marinhaCidadao.pdf, id=1959, 845.1575pt x 597.23125pt>
File: imagens/dados_fauna_marinhaCidadao.pdf Graphic file (type pdf)
<use imagens/dados_fauna_marinhaCidadao.pdf>
Package pdftex.def Info: imagens/dados_fauna_marinhaCidadao.pdf  used on input line 9.
(pdftex.def)             Requested size: 845.15544pt x 597.22978pt.
<imagens/dados_fauna_marinhaCidadao.pdf, id=1961, page=1, 845.1575pt x 597.23125pt>
File: imagens/dados_fauna_marinhaCidadao.pdf Graphic file (type pdf)
<use imagens/dados_fauna_marinhaCidadao.pdf, page 1>
Package pdftex.def Info: imagens/dados_fauna_marinhaCidadao.pdf , page1 used on input line 9.
(pdftex.def)             Requested size: 845.15544pt x 597.22978pt.
File: imagens/dados_fauna_marinhaCidadao.pdf Graphic file (type pdf)
<use imagens/dados_fauna_marinhaCidadao.pdf, page 1>
Package pdftex.def Info: imagens/dados_fauna_marinhaCidadao.pdf , page1 used on input line 9.
(pdftex.def)             Requested size: 845.31018pt x 597.33913pt.
File: imagens/dados_fauna_marinhaCidadao.pdf Graphic file (type pdf)
<use imagens/dados_fauna_marinhaCidadao.pdf, page 1>
Package pdftex.def Info: imagens/dados_fauna_marinhaCidadao.pdf , page1 used on input line 9.
(pdftex.def)             Requested size: 845.31018pt x 597.33913pt.
File: imagens/dados_fauna_marinhaCidadao.pdf Graphic file (type pdf)
<use imagens/dados_fauna_marinhaCidadao.pdf, page 1>
Package pdftex.def Info: imagens/dados_fauna_marinhaCidadao.pdf , page1 used on input line 9.
(pdftex.def)             Requested size: 845.31018pt x 597.33913pt.


File: imagens/dados_fauna_marinhaCidadao.pdf Graphic file (type pdf)
<use imagens/dados_fauna_marinhaCidadao.pdf, page 1>
Package pdftex.def Info: imagens/dados_fauna_marinhaCidadao.pdf , page1 used on input line 9.
(pdftex.def)             Requested size: 845.31018pt x 597.33913pt.
[160

 <./imagens/dados_fauna_marinhaCidadao.pdf>]
<imagens/dados_fauna_marinhaCidadao.pdf, id=1983, page=2, 845.1575pt x 597.23125pt>
File: imagens/dados_fauna_marinhaCidadao.pdf Graphic file (type pdf)
<use imagens/dados_fauna_marinhaCidadao.pdf, page 2>
Package pdftex.def Info: imagens/dados_fauna_marinhaCidadao.pdf , page2 used on input line 9.
(pdftex.def)             Requested size: 845.31018pt x 597.33913pt.
File: imagens/dados_fauna_marinhaCidadao.pdf Graphic file (type pdf)
<use imagens/dados_fauna_marinhaCidadao.pdf, page 2>
Package pdftex.def Info: imagens/dados_fauna_marinhaCidadao.pdf , page2 used on input line 9.
(pdftex.def)             Requested size: 845.31018pt x 597.33913pt.


File: imagens/dados_fauna_marinhaCidadao.pdf Graphic file (type pdf)
<use imagens/dados_fauna_marinhaCidadao.pdf, page 2>
Package pdftex.def Info: imagens/dados_fauna_marinhaCidadao.pdf , page2 used on input line 9.
(pdftex.def)             Requested size: 845.31018pt x 597.33913pt.
[161

 <./imagens/dados_fauna_marinhaCidadao.pdf>]
<imagens/dados_fauna_marinhaCidadao.pdf, id=1989, page=3, 845.1575pt x 597.23125pt>
File: imagens/dados_fauna_marinhaCidadao.pdf Graphic file (type pdf)
<use imagens/dados_fauna_marinhaCidadao.pdf, page 3>
Package pdftex.def Info: imagens/dados_fauna_marinhaCidadao.pdf , page3 used on input line 9.
(pdftex.def)             Requested size: 845.31018pt x 597.33913pt.
File: imagens/dados_fauna_marinhaCidadao.pdf Graphic file (type pdf)
<use imagens/dados_fauna_marinhaCidadao.pdf, page 3>
Package pdftex.def Info: imagens/dados_fauna_marinhaCidadao.pdf , page3 used on input line 9.
(pdftex.def)             Requested size: 845.31018pt x 597.33913pt.


File: imagens/dados_fauna_marinhaCidadao.pdf Graphic file (type pdf)
<use imagens/dados_fauna_marinhaCidadao.pdf, page 3>
Package pdftex.def Info: imagens/dados_fauna_marinhaCidadao.pdf , page3 used on input line 9.
(pdftex.def)             Requested size: 845.31018pt x 597.33913pt.
[162

 <./imagens/dados_fauna_marinhaCidadao.pdf>]
<imagens/dados_fauna_marinhaCidadao.pdf, id=1996, page=4, 845.1575pt x 597.23125pt>
File: imagens/dados_fauna_marinhaCidadao.pdf Graphic file (type pdf)
<use imagens/dados_fauna_marinhaCidadao.pdf, page 4>
Package pdftex.def Info: imagens/dados_fauna_marinhaCidadao.pdf , page4 used on input line 9.
(pdftex.def)             Requested size: 845.31018pt x 597.33913pt.
File: imagens/dados_fauna_marinhaCidadao.pdf Graphic file (type pdf)
<use imagens/dados_fauna_marinhaCidadao.pdf, page 4>
Package pdftex.def Info: imagens/dados_fauna_marinhaCidadao.pdf , page4 used on input line 9.
(pdftex.def)             Requested size: 845.31018pt x 597.33913pt.


File: imagens/dados_fauna_marinhaCidadao.pdf Graphic file (type pdf)
<use imagens/dados_fauna_marinhaCidadao.pdf, page 4>
Package pdftex.def Info: imagens/dados_fauna_marinhaCidadao.pdf , page4 used on input line 9.
(pdftex.def)             Requested size: 845.31018pt x 597.33913pt.
[163

 <./imagens/dados_fauna_marinhaCidadao.pdf>])
\tf@lof=\write7
\openout7 = `abntex2-modelo-ifrs-osorio-ads-tcc.lof'.

\tf@lot=\write8
\openout8 = `abntex2-modelo-ifrs-osorio-ads-tcc.lot'.

\tf@toc=\write9
\openout9 = `abntex2-modelo-ifrs-osorio-ads-tcc.toc'.

 
enddocument/afterlastpage (AED): lastpage setting LastPage.
(abntex2-modelo-ifrs-osorio-ads-tcc.aux (elementos-textuais/capitulo-2-metodologia.aux) (elementos-textuais/capitulo-4-trabalhos-correlatos.aux) (elementos-textuais/capitulo-5-referencial-teorico.aux) (elementos-textuais/capitulo-8-resultados.aux) (elementos-textuais/conclusao.aux) (elementos-pos-textuais/apendices/apendice-b.aux) (elementos-pos-textuais/apendices/apendice-a.aux))
 ***********
LaTeX2e <2024-11-01> patch level 2
L3 programming layer <2020/03/25>
 ***********


LaTeX Font Warning: Some font shapes were not available, defaults substituted.

Package rerunfilecheck Info: File `abntex2-modelo-ifrs-osorio-ads-tcc.brf' has not changed.
(rerunfilecheck)             Checksum: E93E38BD6642942D477D615F2C2CF04B;3680.
 ) 
Here is how much of TeX's memory you used:
 37681 strings out of 469941
 726021 string characters out of 5469431
 1261249 words of memory out of 5000000
 63154 multiletter control sequences out of 15000+600000
 702790 words of font info for 226 fonts, out of 8000000 for 9000
 1141 hyphenation exceptions out of 8191
 99i,17n,107p,1353b,879s stack positions out of 10000i,1000n,20000p,200000b,200000s
 <C:\Users\vitor\AppData\Local\MiKTeX\fonts/pk/ljfour/jknappen/ec/dpi600\ectt1095.pk> <C:\Users\vitor\AppData\Local\MiKTeX\fonts/pk/ljfour/jknappen/ec/dpi600\ectt1200.pk><C:/Users/vitor/AppData/Local/Programs/MiKTeX/fonts/type1/public/tex-gyre/qtmb.pfb><C:/Users/vitor/AppData/Local/Programs/MiKTeX/fonts/type1/public/tex-gyre/qtmbi.pfb><C:/Users/vitor/AppData/Local/Programs/MiKTeX/fonts/type1/public/tex-gyre/qtmr.pfb><C:/Users/vitor/AppData/Local/Programs/MiKTeX/fonts/type1/public/tex-gyre/qtmri.pfb><C:/Users/vitor/AppData/Local/Programs/MiKTeX/fonts/type1/urw/times/utmb8a.pfb><C:/Users/vitor/AppData/Local/Programs/MiKTeX/fonts/type1/urw/times/utmbi8a.pfb><C:/Users/vitor/AppData/Local/Programs/MiKTeX/fonts/type1/urw/times/utmr8a.pfb>
Output written on abntex2-modelo-ifrs-osorio-ads-tcc.pdf (164 pages, 25037509 bytes).
PDF statistics:
 2402 PDF objects out of 2487 (max. 8388607)
 377 named destinations out of 1000 (max. 500000)
 37951 words of extra memory for PDF output out of 42996 (max. 10000000)

